
Gurobi 10.0.1 (linux64) logging started Sat May  4 12:03:49 2024

Set parameter LogFile to value "solver_opties.log"
Set parameter Threads to value 4
Set parameter Method to value 2
Set parameter BarHomogeneous to value 1
Gurobi Optimizer version 10.0.1 build v10.0.1rc0 (linux64)

CPU model: 12th Gen Intel(R) Core(TM) i5-1235U, instruction set [SSE2|AVX|AVX2]
Thread count: 12 physical cores, 12 logical processors, using up to 4 threads

Optimize a model with 779642 rows, 429248 columns and 1454159 nonzeros
Model fingerprint: 0xf9d6a4b6
Coefficient statistics:
  Matrix range     [4e-01, 4e+04]
  Objective range  [1e-02, 5e+02]
  Bounds range     [1e-05, 1e+06]
  RHS range        [5e-06, 3e+03]
Presolve removed 682735 rows and 257927 columns
Presolve time: 0.49s
Presolved: 96907 rows, 171321 columns, 478467 nonzeros
Ordering time: 0.01s

Barrier statistics:
 AA' NZ     : 3.685e+05
 Factor NZ  : 1.646e+06 (roughly 120 MB of memory)
 Factor Ops : 3.170e+07 (less than 1 second per iteration)
 Threads    : 4

                  Objective                Residual
Iter       Primal          Dual         Primal    Dual     Compl     Time
   0   8.13575875e+08 -3.85504043e+08  7.45e+03 1.45e+01  5.89e+04     1s
   1   1.13830979e+08 -2.94190318e+08  1.06e+03 1.91e+01  9.40e+03     1s
   2   4.64266857e+07 -1.58221120e+08  1.73e+02 1.64e+00  1.81e+03     1s
   3   1.16245156e+07 -3.27394757e+07  1.03e+01 1.32e-01  1.83e+02     1s
   4   1.22928027e+06 -7.52683126e+06  1.38e+00 2.87e-02  2.88e+01     1s
   5   4.27614676e+05 -3.49818703e+06  3.46e-01 1.36e-02  1.13e+01     1s
   6   7.44463089e+04 -1.31495085e+06  9.46e-02 4.92e-03  3.82e+00     1s
   7  -9.36991729e+04 -5.43316750e+05  1.94e-02 1.69e-03  1.21e+00     1s
   8  -1.30832301e+05 -2.67448962e+05  8.05e-03 4.80e-04  3.67e-01     1s
   9  -1.46897042e+05 -1.87393581e+05  2.88e-03 1.35e-04  1.09e-01     1s
  10  -1.52679125e+05 -1.64731661e+05  1.26e-03 3.34e-05  3.26e-02     1s
  11  -1.55566349e+05 -1.62099319e+05  4.56e-04 2.16e-05  1.75e-02     1s
  12  -1.56019299e+05 -1.60220313e+05  3.31e-04 1.33e-05  1.13e-02     1s
  13  -1.56558133e+05 -1.59263630e+05  1.82e-04 9.02e-06  7.26e-03     1s
  14  -1.56619548e+05 -1.58957982e+05  1.65e-04 7.67e-06  6.28e-03     1s
  15  -1.56740543e+05 -1.58218816e+05  1.32e-04 4.38e-06  3.98e-03     1s
  16  -1.57034260e+05 -1.57604857e+05  5.26e-05 1.61e-06  1.54e-03     1s
  17  -1.57039273e+05 -1.57509326e+05  5.12e-05 1.20e-06  1.27e-03     2s
  18  -1.57181838e+05 -1.57259333e+05  1.67e-05 1.64e-07  2.10e-04     2s
  19  -1.57210932e+05 -1.57224897e+05  2.81e-06 2.99e-08  3.79e-05     2s
  20  -1.57216682e+05 -1.57217870e+05  1.70e-05 3.61e-09  3.19e-06     2s

Barrier solved model in 20 iterations and 1.68 seconds (2.26 work units)
Optimal objective -1.57216682e+05


Gurobi 10.0.1 (linux64) logging started Fri Jul 12 12:03:24 2024

Set parameter LogFile to value "solver_opties.log"
Set parameter Threads to value 4
Set parameter Method to value 2
Set parameter BarHomogeneous to value 1
Gurobi Optimizer version 10.0.1 build v10.0.1rc0 (linux64)

CPU model: 12th Gen Intel(R) Core(TM) i5-1235U, instruction set [SSE2|AVX|AVX2]
Thread count: 12 physical cores, 12 logical processors, using up to 4 threads

Optimize a model with 779642 rows, 429248 columns and 1454159 nonzeros
Model fingerprint: 0xf9d6a4b6
Coefficient statistics:
  Matrix range     [4e-01, 4e+04]
  Objective range  [1e-02, 5e+02]
  Bounds range     [1e-05, 1e+06]
  RHS range        [5e-06, 3e+03]
Presolve removed 682735 rows and 257927 columns
Presolve time: 0.43s
Presolved: 96907 rows, 171321 columns, 478467 nonzeros
Ordering time: 0.01s

Barrier statistics:
 AA' NZ     : 3.685e+05
 Factor NZ  : 1.646e+06 (roughly 120 MB of memory)
 Factor Ops : 3.170e+07 (less than 1 second per iteration)
 Threads    : 4

                  Objective                Residual
Iter       Primal          Dual         Primal    Dual     Compl     Time
   0   8.13575875e+08 -3.85504043e+08  7.45e+03 1.45e+01  5.89e+04     1s
   1   1.13830979e+08 -2.94190318e+08  1.06e+03 1.91e+01  9.40e+03     1s
   2   4.64266857e+07 -1.58221120e+08  1.73e+02 1.64e+00  1.81e+03     1s
   3   1.16245156e+07 -3.27394757e+07  1.03e+01 1.32e-01  1.83e+02     1s
   4   1.22928027e+06 -7.52683126e+06  1.38e+00 2.87e-02  2.88e+01     1s
   5   4.27614676e+05 -3.49818703e+06  3.46e-01 1.36e-02  1.13e+01     1s
   6   7.44463089e+04 -1.31495085e+06  9.46e-02 4.92e-03  3.82e+00     1s
   7  -9.36991729e+04 -5.43316750e+05  1.94e-02 1.69e-03  1.21e+00     1s
   8  -1.30832301e+05 -2.67448962e+05  8.05e-03 4.80e-04  3.67e-01     1s
   9  -1.46897042e+05 -1.87393581e+05  2.88e-03 1.35e-04  1.09e-01     1s
  10  -1.52679125e+05 -1.64731661e+05  1.26e-03 3.34e-05  3.26e-02     1s
  11  -1.55566349e+05 -1.62099319e+05  4.56e-04 2.16e-05  1.75e-02     1s
  12  -1.56019299e+05 -1.60220313e+05  3.31e-04 1.33e-05  1.13e-02     1s
  13  -1.56558133e+05 -1.59263630e+05  1.82e-04 9.02e-06  7.26e-03     1s
  14  -1.56619548e+05 -1.58957982e+05  1.65e-04 7.67e-06  6.28e-03     1s
  15  -1.56740543e+05 -1.58218816e+05  1.32e-04 4.38e-06  3.98e-03     1s
  16  -1.57034260e+05 -1.57604857e+05  5.26e-05 1.61e-06  1.54e-03     1s
  17  -1.57039273e+05 -1.57509326e+05  5.12e-05 1.20e-06  1.27e-03     1s
  18  -1.57181838e+05 -1.57259333e+05  1.67e-05 1.64e-07  2.10e-04     2s
  19  -1.57210932e+05 -1.57224897e+05  2.81e-06 2.99e-08  3.79e-05     2s
  20  -1.57216682e+05 -1.57217870e+05  1.70e-05 3.61e-09  3.19e-06     2s

Barrier solved model in 20 iterations and 1.60 seconds (2.26 work units)
Optimal objective -1.57216682e+05


Gurobi 10.0.1 (linux64) logging started Mon Aug 19 17:05:36 2024

Set parameter LogFile to value "solver_opties.log"
Set parameter Threads to value 4
Set parameter Method to value 2
Set parameter BarHomogeneous to value 1
Gurobi Optimizer version 10.0.1 build v10.0.1rc0 (linux64)

CPU model: 12th Gen Intel(R) Core(TM) i5-1235U, instruction set [SSE2|AVX|AVX2]
Thread count: 12 physical cores, 12 logical processors, using up to 4 threads

Optimize a model with 779642 rows, 429248 columns and 1454159 nonzeros
Model fingerprint: 0xf9d6a4b6
Coefficient statistics:
  Matrix range     [4e-01, 4e+04]
  Objective range  [1e-02, 5e+02]
  Bounds range     [1e-05, 1e+06]
  RHS range        [5e-06, 3e+03]
Presolve removed 682735 rows and 257927 columns
Presolve time: 0.43s
Presolved: 96907 rows, 171321 columns, 478467 nonzeros
Ordering time: 0.01s

Barrier statistics:
 AA' NZ     : 3.685e+05
 Factor NZ  : 1.646e+06 (roughly 120 MB of memory)
 Factor Ops : 3.170e+07 (less than 1 second per iteration)
 Threads    : 4

                  Objective                Residual
Iter       Primal          Dual         Primal    Dual     Compl     Time
   0   8.13575875e+08 -3.85504043e+08  7.45e+03 1.45e+01  5.89e+04     1s
   1   1.13830979e+08 -2.94190318e+08  1.06e+03 1.91e+01  9.40e+03     1s
   2   4.64266857e+07 -1.58221120e+08  1.73e+02 1.64e+00  1.81e+03     1s
   3   1.16245156e+07 -3.27394757e+07  1.03e+01 1.32e-01  1.83e+02     1s
   4   1.22928027e+06 -7.52683126e+06  1.38e+00 2.87e-02  2.88e+01     1s
   5   4.27614676e+05 -3.49818703e+06  3.46e-01 1.36e-02  1.13e+01     1s
   6   7.44463089e+04 -1.31495085e+06  9.46e-02 4.92e-03  3.82e+00     1s
   7  -9.36991729e+04 -5.43316750e+05  1.94e-02 1.69e-03  1.21e+00     1s
   8  -1.30832301e+05 -2.67448962e+05  8.05e-03 4.80e-04  3.67e-01     1s
   9  -1.46897042e+05 -1.87393581e+05  2.88e-03 1.35e-04  1.09e-01     1s
  10  -1.52679125e+05 -1.64731661e+05  1.26e-03 3.34e-05  3.26e-02     1s
  11  -1.55566349e+05 -1.62099319e+05  4.56e-04 2.16e-05  1.75e-02     1s
  12  -1.56019299e+05 -1.60220313e+05  3.31e-04 1.33e-05  1.13e-02     1s
  13  -1.56558133e+05 -1.59263630e+05  1.82e-04 9.02e-06  7.26e-03     1s
  14  -1.56619548e+05 -1.58957982e+05  1.65e-04 7.67e-06  6.28e-03     1s
  15  -1.56740543e+05 -1.58218816e+05  1.32e-04 4.38e-06  3.98e-03     2s
  16  -1.57034260e+05 -1.57604857e+05  5.26e-05 1.61e-06  1.54e-03     2s
  17  -1.57039273e+05 -1.57509326e+05  5.12e-05 1.20e-06  1.27e-03     2s
  18  -1.57181838e+05 -1.57259333e+05  1.67e-05 1.64e-07  2.10e-04     2s
  19  -1.57210932e+05 -1.57224897e+05  2.81e-06 2.99e-08  3.79e-05     2s
  20  -1.57216682e+05 -1.57217870e+05  1.70e-05 3.61e-09  3.19e-06     2s

Barrier solved model in 20 iterations and 1.91 seconds (2.26 work units)
Optimal objective -1.57216682e+05


Gurobi 10.0.1 (linux64) logging started Tue Aug 20 12:55:46 2024

Set parameter LogFile to value "solver_opties.log"
Set parameter Threads to value 4
Set parameter Method to value 2
Set parameter BarHomogeneous to value 1
Gurobi Optimizer version 10.0.1 build v10.0.1rc0 (linux64)

CPU model: 12th Gen Intel(R) Core(TM) i5-1235U, instruction set [SSE2|AVX|AVX2]
Thread count: 12 physical cores, 12 logical processors, using up to 4 threads

Optimize a model with 823442 rows, 446770 columns and 1541759 nonzeros
Model fingerprint: 0x6850780f
Coefficient statistics:
  Matrix range     [4e-01, 4e+04]
  Objective range  [1e-02, 5e+02]
  Bounds range     [1e-05, 1e+06]
  RHS range        [5e-06, 3e+03]
Presolve removed 726535 rows and 275449 columns
Presolve time: 0.45s
Presolved: 96907 rows, 171321 columns, 478467 nonzeros
Ordering time: 0.01s

Barrier statistics:
 AA' NZ     : 3.685e+05
 Factor NZ  : 1.646e+06 (roughly 120 MB of memory)
 Factor Ops : 3.170e+07 (less than 1 second per iteration)
 Threads    : 4

                  Objective                Residual
Iter       Primal          Dual         Primal    Dual     Compl     Time
   0   8.13576390e+08 -3.85504043e+08  7.45e+03 1.45e+01  5.89e+04     1s
   1   1.13831052e+08 -2.94190318e+08  1.06e+03 1.91e+01  9.40e+03     1s
   2   4.64266977e+07 -1.58221120e+08  1.73e+02 1.64e+00  1.81e+03     1s
   3   1.16245163e+07 -3.27394757e+07  1.03e+01 1.32e-01  1.83e+02     1s
   4   1.22928036e+06 -7.52683126e+06  1.38e+00 2.87e-02  2.88e+01     1s
   5   4.27614700e+05 -3.49818703e+06  3.46e-01 1.36e-02  1.13e+01     1s
   6   7.44463154e+04 -1.31495085e+06  9.46e-02 4.92e-03  3.82e+00     1s
   7  -9.36991716e+04 -5.43316750e+05  1.94e-02 1.69e-03  1.21e+00     1s
   8  -1.30832301e+05 -2.67448962e+05  8.05e-03 4.80e-04  3.67e-01     1s
   9  -1.46897042e+05 -1.87393581e+05  2.88e-03 1.35e-04  1.09e-01     1s
  10  -1.52679125e+05 -1.64731661e+05  1.26e-03 3.34e-05  3.26e-02     1s
  11  -1.55566349e+05 -1.62099319e+05  4.56e-04 2.16e-05  1.75e-02     1s
  12  -1.56019299e+05 -1.60220313e+05  3.30e-04 1.33e-05  1.13e-02     1s
  13  -1.56558133e+05 -1.59263630e+05  1.82e-04 9.02e-06  7.26e-03     1s
  14  -1.56619548e+05 -1.58957982e+05  1.66e-04 7.67e-06  6.28e-03     1s
  15  -1.56740543e+05 -1.58218816e+05  1.32e-04 4.38e-06  3.98e-03     1s
  16  -1.57034260e+05 -1.57604857e+05  5.26e-05 1.61e-06  1.54e-03     1s
  17  -1.57039273e+05 -1.57509325e+05  5.16e-05 1.20e-06  1.27e-03     1s
  18  -1.57181840e+05 -1.57259333e+05  9.52e-06 1.64e-07  2.10e-04     2s
  19  -1.57210931e+05 -1.57224897e+05  5.81e-06 2.99e-08  3.79e-05     2s
  20  -1.57216683e+05 -1.57217870e+05  2.44e-05 3.61e-09  3.19e-06     2s

Barrier solved model in 20 iterations and 1.60 seconds (2.29 work units)
Optimal objective -1.57216683e+05


Gurobi 10.0.1 (linux64) logging started Tue Aug 20 15:41:13 2024

Set parameter LogFile to value "solver_opties.log"
Set parameter Threads to value 4
Set parameter Method to value 2
Set parameter BarHomogeneous to value 1
Gurobi Optimizer version 10.0.1 build v10.0.1rc0 (linux64)

CPU model: 12th Gen Intel(R) Core(TM) i5-1235U, instruction set [SSE2|AVX|AVX2]
Thread count: 12 physical cores, 12 logical processors, using up to 4 threads

Optimize a model with 840962 rows, 455531 columns and 1585559 nonzeros
Model fingerprint: 0x43b1957f
Coefficient statistics:
  Matrix range     [4e-01, 4e+04]
  Objective range  [1e-02, 5e+02]
  Bounds range     [1e-05, 1e+06]
  RHS range        [5e-06, 3e+03]
Presolve removed 735295 rows and 266690 columns
Presolve time: 0.48s
Presolved: 105667 rows, 188841 columns, 513507 nonzeros
Ordering time: 0.01s

Barrier statistics:
 AA' NZ     : 3.860e+05
 Factor NZ  : 1.752e+06 (roughly 130 MB of memory)
 Factor Ops : 3.166e+07 (less than 1 second per iteration)
 Threads    : 4

                  Objective                Residual
Iter       Primal          Dual         Primal    Dual     Compl     Time
   0   1.08727253e+09 -3.82195789e+08  7.45e+03 1.95e+01  5.88e+04     1s
   1   1.79590890e+08 -2.94352796e+08  9.73e+02 1.91e+01  8.76e+03     1s
   2   6.74713730e+07 -1.57161370e+08  1.62e+02 1.73e+00  1.72e+03     1s
   3   2.01824805e+07 -3.27914162e+07  9.91e+00 1.62e-01  1.94e+02     1s
   4   1.12314303e+06 -4.37423706e+06  9.91e-01 1.80e-02  1.75e+01     1s
   5   6.17713658e+05 -2.61274093e+06  4.85e-01 1.09e-02  9.45e+00     1s
   6   1.56344072e+05 -9.19335345e+05  1.44e-01 3.70e-03  2.94e+00     1s
   7  -8.84257701e+04 -4.25135124e+05  2.68e-02 1.27e-03  8.82e-01     1s
   8  -1.28787206e+05 -2.23803294e+05  1.11e-02 3.08e-04  2.50e-01     1s
   9  -1.47857063e+05 -1.82759063e+05  3.18e-03 1.21e-04  9.07e-02     1s
  10  -1.52496267e+05 -1.69710355e+05  1.57e-03 5.98e-05  4.47e-02     1s
  11  -1.54324658e+05 -1.64005055e+05  9.62e-04 3.25e-05  2.52e-02     1s
  12  -1.54833750e+05 -1.62078589e+05  7.92e-04 2.32e-05  1.89e-02     2s
  13  -1.55833102e+05 -1.60120138e+05  4.61e-04 1.38e-05  1.12e-02     2s
  14  -1.56093889e+05 -1.59350264e+05  3.75e-04 1.01e-05  8.50e-03     2s
  15  -1.56677719e+05 -1.58932782e+05  1.81e-04 8.11e-06  5.83e-03     2s
  16  -1.56905209e+05 -1.58110726e+05  1.05e-04 4.18e-06  3.12e-03     2s
  17  -1.57146847e+05 -1.57913321e+05  2.57e-05 3.25e-06  1.96e-03     2s
  18  -1.57160151e+05 -1.57505114e+05  2.12e-05 1.32e-06  8.87e-04     2s
  19  -1.57176801e+05 -1.57345942e+05  1.45e-05 6.00e-07  4.38e-04     2s
  20  -1.57203899e+05 -1.57264615e+05  4.58e-06 2.10e-07  1.57e-04     2s
  21  -1.57215904e+05 -1.57226790e+05  1.85e-05 4.58e-08  2.76e-05     2s
  22  -1.57216802e+05 -1.57217062e+05  6.84e-05 7.98e-09  6.60e-07     2s

Barrier solved model in 22 iterations and 2.21 seconds (2.53 work units)
Optimal objective -1.57216802e+05


Gurobi 10.0.1 (linux64) logging started Tue Aug 20 15:55:43 2024

Set parameter LogFile to value "solver_opties.log"
Set parameter Threads to value 4
Set parameter Method to value 2
Set parameter BarHomogeneous to value 1
Gurobi Optimizer version 10.0.1 build v10.0.1rc0 (linux64)

CPU model: 12th Gen Intel(R) Core(TM) i5-1235U, instruction set [SSE2|AVX|AVX2]
Thread count: 12 physical cores, 12 logical processors, using up to 4 threads

Optimize a model with 840962 rows, 455531 columns and 1585559 nonzeros
Model fingerprint: 0x1a10a40b
Coefficient statistics:
  Matrix range     [4e-01, 4e+04]
  Objective range  [1e-02, 5e+02]
  Bounds range     [1e-05, 1e+06]
  RHS range        [5e-06, 3e+03]
Presolve removed 735295 rows and 266690 columns
Presolve time: 0.47s
Presolved: 105667 rows, 188841 columns, 513507 nonzeros
Ordering time: 0.01s

Barrier statistics:
 AA' NZ     : 3.860e+05
 Factor NZ  : 1.752e+06 (roughly 130 MB of memory)
 Factor Ops : 3.166e+07 (less than 1 second per iteration)
 Threads    : 4

                  Objective                Residual
Iter       Primal          Dual         Primal    Dual     Compl     Time
   0   1.08727253e+09 -3.82195789e+08  7.45e+03 1.95e+01  5.88e+04     1s
   1   1.79590890e+08 -2.94352796e+08  9.73e+02 1.91e+01  8.76e+03     1s
   2   6.74713730e+07 -1.57161370e+08  1.62e+02 1.73e+00  1.72e+03     1s
   3   2.01824805e+07 -3.27914162e+07  9.91e+00 1.62e-01  1.94e+02     1s
   4   1.12314303e+06 -4.37423706e+06  9.91e-01 1.80e-02  1.75e+01     1s
   5   6.17713658e+05 -2.61274093e+06  4.85e-01 1.09e-02  9.45e+00     1s
   6   1.56344072e+05 -9.19335345e+05  1.44e-01 3.70e-03  2.94e+00     1s
   7  -8.84257701e+04 -4.25135124e+05  2.68e-02 1.27e-03  8.82e-01     1s
   8  -1.28787206e+05 -2.23803294e+05  1.11e-02 3.08e-04  2.50e-01     1s
   9  -1.47857063e+05 -1.82759063e+05  3.18e-03 1.21e-04  9.07e-02     1s
  10  -1.52496267e+05 -1.69710355e+05  1.57e-03 5.98e-05  4.47e-02     1s
  11  -1.54324658e+05 -1.64005055e+05  9.62e-04 3.25e-05  2.52e-02     1s
  12  -1.54833750e+05 -1.62078589e+05  7.92e-04 2.32e-05  1.89e-02     2s
  13  -1.55833102e+05 -1.60120138e+05  4.61e-04 1.38e-05  1.12e-02     2s
  14  -1.56093889e+05 -1.59350264e+05  3.75e-04 1.01e-05  8.50e-03     2s
  15  -1.56677719e+05 -1.58932782e+05  1.81e-04 8.11e-06  5.83e-03     2s
  16  -1.56905209e+05 -1.58110726e+05  1.05e-04 4.18e-06  3.12e-03     2s
  17  -1.57146847e+05 -1.57913321e+05  2.57e-05 3.25e-06  1.96e-03     2s
  18  -1.57160151e+05 -1.57505114e+05  2.12e-05 1.32e-06  8.87e-04     2s
  19  -1.57176801e+05 -1.57345942e+05  1.45e-05 6.00e-07  4.38e-04     2s
  20  -1.57203899e+05 -1.57264615e+05  4.58e-06 2.10e-07  1.57e-04     2s
  21  -1.57215904e+05 -1.57226790e+05  1.85e-05 4.58e-08  2.76e-05     2s
  22  -1.57216802e+05 -1.57217062e+05  6.84e-05 7.98e-09  6.60e-07     2s

Barrier solved model in 22 iterations and 2.24 seconds (2.53 work units)
Optimal objective -1.57216802e+05


Gurobi 10.0.1 (linux64) logging started Tue Aug 20 15:57:56 2024

Set parameter LogFile to value "solver_opties.log"
Set parameter Threads to value 4
Set parameter Method to value 2
Set parameter BarHomogeneous to value 1
Gurobi Optimizer version 10.0.1 build v10.0.1rc0 (linux64)

CPU model: 12th Gen Intel(R) Core(TM) i5-1235U, instruction set [SSE2|AVX|AVX2]
Thread count: 12 physical cores, 12 logical processors, using up to 4 threads

Optimize a model with 840962 rows, 455531 columns and 1585559 nonzeros
Model fingerprint: 0xe3caf5f9
Coefficient statistics:
  Matrix range     [4e-01, 4e+04]
  Objective range  [1e-02, 5e+02]
  Bounds range     [1e-05, 1e+06]
  RHS range        [5e-06, 3e+03]
Presolve removed 735295 rows and 266690 columns
Presolve time: 0.47s
Presolved: 105667 rows, 188841 columns, 513507 nonzeros
Ordering time: 0.01s

Barrier statistics:
 AA' NZ     : 3.860e+05
 Factor NZ  : 1.752e+06 (roughly 130 MB of memory)
 Factor Ops : 3.166e+07 (less than 1 second per iteration)
 Threads    : 4

                  Objective                Residual
Iter       Primal          Dual         Primal    Dual     Compl     Time
   0   1.08727253e+09 -3.82195789e+08  7.45e+03 1.95e+01  5.88e+04     1s
   1   1.79590890e+08 -2.94352796e+08  9.73e+02 1.91e+01  8.76e+03     1s
   2   6.74713730e+07 -1.57161370e+08  1.62e+02 1.73e+00  1.72e+03     1s
   3   2.01824805e+07 -3.27914162e+07  9.91e+00 1.62e-01  1.94e+02     1s
   4   1.12314303e+06 -4.37423706e+06  9.91e-01 1.80e-02  1.75e+01     1s
   5   6.17713658e+05 -2.61274093e+06  4.85e-01 1.09e-02  9.45e+00     1s
   6   1.56344072e+05 -9.19335345e+05  1.44e-01 3.70e-03  2.94e+00     1s
   7  -8.84257701e+04 -4.25135124e+05  2.68e-02 1.27e-03  8.82e-01     1s
   8  -1.28787206e+05 -2.23803294e+05  1.11e-02 3.08e-04  2.50e-01     1s
   9  -1.47857063e+05 -1.82759063e+05  3.18e-03 1.21e-04  9.07e-02     1s
  10  -1.52496267e+05 -1.69710355e+05  1.57e-03 5.98e-05  4.47e-02     1s
  11  -1.54324658e+05 -1.64005055e+05  9.62e-04 3.25e-05  2.52e-02     1s
  12  -1.54833750e+05 -1.62078589e+05  7.92e-04 2.32e-05  1.89e-02     2s
  13  -1.55833102e+05 -1.60120138e+05  4.61e-04 1.38e-05  1.12e-02     2s
  14  -1.56093889e+05 -1.59350264e+05  3.75e-04 1.01e-05  8.50e-03     2s
  15  -1.56677719e+05 -1.58932782e+05  1.81e-04 8.11e-06  5.83e-03     2s
  16  -1.56905209e+05 -1.58110726e+05  1.05e-04 4.18e-06  3.12e-03     2s
  17  -1.57146847e+05 -1.57913321e+05  2.57e-05 3.25e-06  1.96e-03     2s
  18  -1.57160151e+05 -1.57505114e+05  2.12e-05 1.32e-06  8.87e-04     2s
  19  -1.57176801e+05 -1.57345942e+05  1.45e-05 6.00e-07  4.38e-04     2s
  20  -1.57203899e+05 -1.57264615e+05  4.58e-06 2.10e-07  1.57e-04     2s
  21  -1.57215904e+05 -1.57226790e+05  1.85e-05 4.58e-08  2.76e-05     2s
  22  -1.57216802e+05 -1.57217062e+05  6.84e-05 7.98e-09  6.60e-07     2s

Barrier solved model in 22 iterations and 2.26 seconds (2.53 work units)
Optimal objective -1.57216802e+05


Gurobi 10.0.1 (linux64) logging started Tue Aug 20 16:02:14 2024

Set parameter LogFile to value "solver_opties.log"
Set parameter Threads to value 4
Set parameter Method to value 2
Set parameter BarHomogeneous to value 1
Gurobi Optimizer version 10.0.1 build v10.0.1rc0 (linux64)

CPU model: 12th Gen Intel(R) Core(TM) i5-1235U, instruction set [SSE2|AVX|AVX2]
Thread count: 12 physical cores, 12 logical processors, using up to 4 threads

Optimize a model with 840962 rows, 455531 columns and 1585559 nonzeros
Model fingerprint: 0x5932efa4
Coefficient statistics:
  Matrix range     [4e-01, 4e+04]
  Objective range  [1e-02, 4e+04]
  Bounds range     [1e-05, 1e+06]
  RHS range        [5e-06, 3e+03]
Presolve removed 735295 rows and 266690 columns
Presolve time: 0.47s
Presolved: 105667 rows, 188841 columns, 513507 nonzeros
Ordering time: 0.01s

Barrier statistics:
 AA' NZ     : 3.860e+05
 Factor NZ  : 1.752e+06 (roughly 130 MB of memory)
 Factor Ops : 3.166e+07 (less than 1 second per iteration)
 Threads    : 4

                  Objective                Residual
Iter       Primal          Dual         Primal    Dual     Compl     Time
   0   1.08727253e+09 -3.82195789e+08  7.45e+03 1.95e+01  5.88e+04     1s
   1   1.79590890e+08 -2.94352796e+08  9.73e+02 1.91e+01  8.76e+03     1s
   2   6.74713730e+07 -1.57161370e+08  1.62e+02 1.73e+00  1.72e+03     1s
   3   2.01824805e+07 -3.27914162e+07  9.91e+00 1.62e-01  1.94e+02     1s
   4   1.12314303e+06 -4.37423706e+06  9.91e-01 1.80e-02  1.75e+01     1s
   5   6.17713658e+05 -2.61274093e+06  4.85e-01 1.09e-02  9.45e+00     1s
   6   1.56344072e+05 -9.19335345e+05  1.44e-01 3.70e-03  2.94e+00     1s
   7  -8.84257701e+04 -4.25135124e+05  2.68e-02 1.27e-03  8.82e-01     1s
   8  -1.28787206e+05 -2.23803294e+05  1.11e-02 3.08e-04  2.50e-01     1s
   9  -1.47857063e+05 -1.82759063e+05  3.18e-03 1.21e-04  9.07e-02     1s
  10  -1.52496267e+05 -1.69710355e+05  1.57e-03 5.98e-05  4.47e-02     1s
  11  -1.54324658e+05 -1.64005055e+05  9.62e-04 3.25e-05  2.52e-02     1s
  12  -1.54833750e+05 -1.62078589e+05  7.92e-04 2.32e-05  1.89e-02     2s
  13  -1.55833102e+05 -1.60120138e+05  4.61e-04 1.38e-05  1.12e-02     2s
  14  -1.56093889e+05 -1.59350264e+05  3.75e-04 1.01e-05  8.50e-03     2s
  15  -1.56677719e+05 -1.58932782e+05  1.81e-04 8.11e-06  5.83e-03     2s
  16  -1.56905209e+05 -1.58110726e+05  1.05e-04 4.18e-06  3.12e-03     2s
  17  -1.57146847e+05 -1.57913321e+05  2.57e-05 3.25e-06  1.96e-03     2s
  18  -1.57160151e+05 -1.57505114e+05  2.12e-05 1.32e-06  8.87e-04     2s
  19  -1.57176801e+05 -1.57345942e+05  1.45e-05 6.00e-07  4.38e-04     2s
  20  -1.57203899e+05 -1.57264615e+05  4.58e-06 2.10e-07  1.57e-04     2s
  21  -1.57215904e+05 -1.57226790e+05  1.85e-05 4.58e-08  2.76e-05     2s
  22  -1.57216802e+05 -1.57217062e+05  6.84e-05 7.98e-09  6.60e-07     2s

Barrier solved model in 22 iterations and 2.26 seconds (2.53 work units)
Optimal objective -1.57216802e+05


Gurobi 10.0.1 (linux64) logging started Tue Aug 20 16:31:48 2024

Set parameter LogFile to value "solver_opties.log"
Set parameter Threads to value 4
Set parameter Method to value 2
Set parameter BarHomogeneous to value 1
Gurobi Optimizer version 10.0.1 build v10.0.1rc0 (linux64)

CPU model: 12th Gen Intel(R) Core(TM) i5-1235U, instruction set [SSE2|AVX|AVX2]
Thread count: 12 physical cores, 12 logical processors, using up to 4 threads

Optimize a model with 840962 rows, 455531 columns and 1585559 nonzeros
Model fingerprint: 0xeefa87ba
Coefficient statistics:
  Matrix range     [4e-01, 4e+04]
  Objective range  [1e-02, 4e+04]
  Bounds range     [1e-05, 1e+06]
  RHS range        [5e-06, 3e+03]
Presolve removed 735295 rows and 266690 columns
Presolve time: 0.47s
Presolved: 105667 rows, 188841 columns, 513507 nonzeros
Ordering time: 0.01s

Barrier statistics:
 AA' NZ     : 3.860e+05
 Factor NZ  : 1.752e+06 (roughly 130 MB of memory)
 Factor Ops : 3.166e+07 (less than 1 second per iteration)
 Threads    : 4

                  Objective                Residual
Iter       Primal          Dual         Primal    Dual     Compl     Time
   0   9.50968963e+08 -3.81908447e+08  7.45e+03 1.81e+01  5.87e+04     1s
   1   1.80969336e+08 -2.94479876e+08  9.68e+02 1.90e+01  8.79e+03     1s
   2   6.97609371e+07 -1.59060918e+08  1.61e+02 1.85e+00  1.72e+03     1s
   3   2.42793536e+07 -3.52733024e+07  1.15e+01 2.19e-01  2.19e+02     1s
   4   1.91572854e+06 -4.93950094e+06  1.15e+00 2.36e-02  2.15e+01     1s
   5   4.62923424e+05 -2.56418294e+06  2.67e-01 1.22e-02  8.32e+00     1s
   6   5.55662089e+04 -7.35440085e+05  6.05e-02 3.10e-03  2.08e+00     1s
   7  -1.15003967e+05 -3.63508299e+05  1.13e-02 1.06e-03  6.39e-01     1s
   8  -1.35081628e+05 -2.18838627e+05  5.88e-03 3.16e-04  2.16e-01     1s
   9  -1.47591217e+05 -1.68789057e+05  2.57e-03 5.87e-05  5.52e-02     1s
  10  -1.55078910e+05 -1.61782886e+05  5.85e-04 2.26e-05  1.73e-02     1s
  11  -1.55906932e+05 -1.58889028e+05  3.59e-04 8.15e-06  7.75e-03     1s
  12  -1.56216299e+05 -1.58197770e+05  2.75e-04 4.71e-06  5.17e-03     2s
  13  -1.56464603e+05 -1.58027923e+05  2.08e-04 3.85e-06  4.07e-03     2s
  14  -1.56583314e+05 -1.57875193e+05  1.76e-04 3.08e-06  3.37e-03     2s
  15  -1.56690120e+05 -1.57609561e+05  1.48e-04 1.79e-06  2.41e-03     2s
  16  -1.56768893e+05 -1.57546174e+05  1.26e-04 1.48e-06  2.04e-03     2s
  17  -1.56933421e+05 -1.57353418e+05  8.08e-05 5.31e-07  1.11e-03     2s
  18  -1.56985152e+05 -1.57246829e+05  6.68e-05 7.79e-11  6.99e-04     2s
  19  -1.57084386e+05 -1.57246381e+05  3.81e-05 3.15e-11  4.31e-04     2s
  20  -1.57197140e+05 -1.57226217e+05  2.17e-05 1.74e-11  7.70e-05     2s
  21  -1.57214963e+05 -1.57218905e+05  1.54e-05 2.36e-11  1.03e-05     2s
  22  -1.57216868e+05 -1.57216901e+05  1.68e-05 1.47e-10  7.85e-08     2s

Barrier solved model in 22 iterations and 2.32 seconds (2.58 work units)
Optimal objective -1.57216868e+05


Gurobi 10.0.1 (linux64) logging started Tue Aug 20 16:36:00 2024

Set parameter LogFile to value "solver_opties.log"
Set parameter Threads to value 4
Set parameter Method to value 2
Set parameter BarHomogeneous to value 1
Gurobi Optimizer version 10.0.1 build v10.0.1rc0 (linux64)

CPU model: 12th Gen Intel(R) Core(TM) i5-1235U, instruction set [SSE2|AVX|AVX2]
Thread count: 12 physical cores, 12 logical processors, using up to 4 threads

Optimize a model with 840962 rows, 455531 columns and 1585559 nonzeros
Model fingerprint: 0xeb203953
Coefficient statistics:
  Matrix range     [4e-01, 4e+04]
  Objective range  [1e-02, 5e+02]
  Bounds range     [1e-05, 1e+06]
  RHS range        [5e-06, 3e+03]
Presolve removed 735295 rows and 266690 columns
Presolve time: 0.47s
Presolved: 105667 rows, 188841 columns, 513507 nonzeros
Ordering time: 0.01s

Barrier statistics:
 AA' NZ     : 3.860e+05
 Factor NZ  : 1.752e+06 (roughly 130 MB of memory)
 Factor Ops : 3.166e+07 (less than 1 second per iteration)
 Threads    : 4

                  Objective                Residual
Iter       Primal          Dual         Primal    Dual     Compl     Time
   0   9.50968963e+08 -3.81908447e+08  7.45e+03 1.81e+01  5.87e+04     1s
   1   1.80969336e+08 -2.94479876e+08  9.68e+02 1.90e+01  8.79e+03     1s
   2   6.97609371e+07 -1.59060918e+08  1.61e+02 1.85e+00  1.72e+03     1s
   3   2.42793536e+07 -3.52733024e+07  1.15e+01 2.19e-01  2.19e+02     1s
   4   1.91572854e+06 -4.93950094e+06  1.15e+00 2.36e-02  2.15e+01     1s
   5   4.62923424e+05 -2.56418294e+06  2.67e-01 1.22e-02  8.32e+00     1s
   6   5.55662089e+04 -7.35440085e+05  6.05e-02 3.10e-03  2.08e+00     1s
   7  -1.15003967e+05 -3.63508299e+05  1.13e-02 1.06e-03  6.39e-01     1s
   8  -1.35081628e+05 -2.18838627e+05  5.88e-03 3.16e-04  2.16e-01     1s
   9  -1.47591217e+05 -1.68789057e+05  2.57e-03 5.87e-05  5.52e-02     1s
  10  -1.55078910e+05 -1.61782886e+05  5.85e-04 2.26e-05  1.73e-02     1s
  11  -1.55906932e+05 -1.58889028e+05  3.59e-04 8.15e-06  7.75e-03     1s
  12  -1.56216299e+05 -1.58197770e+05  2.75e-04 4.71e-06  5.17e-03     2s
  13  -1.56464603e+05 -1.58027923e+05  2.08e-04 3.85e-06  4.07e-03     2s
  14  -1.56583314e+05 -1.57875193e+05  1.76e-04 3.08e-06  3.37e-03     2s
  15  -1.56690120e+05 -1.57609561e+05  1.48e-04 1.79e-06  2.41e-03     2s
  16  -1.56768893e+05 -1.57546174e+05  1.26e-04 1.48e-06  2.04e-03     2s
  17  -1.56933421e+05 -1.57353418e+05  8.08e-05 5.31e-07  1.11e-03     2s
  18  -1.56985152e+05 -1.57246829e+05  6.68e-05 7.79e-11  6.99e-04     2s
  19  -1.57084386e+05 -1.57246381e+05  3.81e-05 3.15e-11  4.31e-04     2s
  20  -1.57197140e+05 -1.57226217e+05  2.17e-05 1.74e-11  7.70e-05     2s
  21  -1.57214963e+05 -1.57218905e+05  1.54e-05 2.36e-11  1.03e-05     2s
  22  -1.57216868e+05 -1.57216901e+05  1.68e-05 1.47e-10  7.85e-08     2s

Barrier solved model in 22 iterations and 2.27 seconds (2.58 work units)
Optimal objective -1.57216868e+05


Gurobi 10.0.1 (linux64) logging started Tue Aug 20 16:46:23 2024

Set parameter LogFile to value "solver_opties.log"
Set parameter Threads to value 4
Set parameter Method to value 2
Set parameter BarHomogeneous to value 1
Gurobi Optimizer version 10.0.1 build v10.0.1rc0 (linux64)

CPU model: 12th Gen Intel(R) Core(TM) i5-1235U, instruction set [SSE2|AVX|AVX2]
Thread count: 12 physical cores, 12 logical processors, using up to 4 threads

Optimize a model with 867242 rows, 473052 columns and 1646879 nonzeros
Model fingerprint: 0xdcdc6f32
Coefficient statistics:
  Matrix range     [4e-01, 4e+04]
  Objective range  [1e-02, 5e+02]
  Bounds range     [1e-05, 1e+06]
  RHS range        [5e-06, 3e+03]
Presolve removed 761028 rows and 266144 columns
Presolve time: 0.53s
Presolved: 106214 rows, 206908 columns, 584681 nonzeros
Ordering time: 0.01s

Barrier statistics:
 AA' NZ     : 4.303e+05
 Factor NZ  : 1.819e+06 (roughly 140 MB of memory)
 Factor Ops : 3.387e+07 (less than 1 second per iteration)
 Threads    : 4

                  Objective                Residual
Iter       Primal          Dual         Primal    Dual     Compl     Time
   0   7.19477421e+08 -3.81855947e+08  7.44e+03 1.81e+01  5.88e+04     1s
   1   1.51819411e+08 -2.94297638e+08  9.80e+02 1.90e+01  8.85e+03     1s
   2   6.50825945e+07 -1.59216329e+08  1.63e+02 1.85e+00  1.72e+03     1s
   3   2.37971039e+07 -3.54026446e+07  1.17e+01 2.20e-01  2.14e+02     1s
   4   1.82449770e+06 -4.96924551e+06  1.15e+00 2.38e-02  2.09e+01     1s
   5   4.42973614e+05 -2.54843810e+06  2.66e-01 1.22e-02  7.97e+00     1s
   6   4.88142411e+04 -7.48766826e+05  5.98e-02 3.17e-03  2.03e+00     1s
   7  -9.64171385e+04 -3.68530022e+05  1.69e-02 1.09e-03  6.81e-01     1s
   8  -1.36110929e+05 -2.06541279e+05  5.58e-03 2.54e-04  1.77e-01     1s
   9  -1.48126453e+05 -1.66901335e+05  2.40e-03 4.73e-05  4.79e-02     1s
  10  -1.54383479e+05 -1.60562102e+05  7.97e-04 1.51e-05  1.58e-02     1s
  11  -1.54959073e+05 -1.59139881e+05  6.37e-04 8.50e-06  1.08e-02     1s
  12  -1.55737603e+05 -1.58333219e+05  4.22e-04 4.82e-06  6.72e-03     1s
  13  -1.56094320e+05 -1.58071262e+05  3.21e-04 3.64e-06  5.12e-03     1s
  14  -1.56645078e+05 -1.57707468e+05  1.68e-04 2.10e-06  2.74e-03     2s
  15  -1.56756615e+05 -1.57470902e+05  1.36e-04 8.58e-07  1.87e-03     2s
  16  -1.56808037e+05 -1.57439294e+05  1.22e-04 7.12e-07  1.66e-03     2s
  17  -1.56861152e+05 -1.57361207e+05  1.06e-04 4.50e-07  1.32e-03     2s
  18  -1.56933235e+05 -1.57356815e+05  8.53e-05 4.30e-07  1.12e-03     2s
  19  -1.56939560e+05 -1.57325151e+05  8.35e-05 3.27e-07  1.02e-03     2s
  20  -1.57012381e+05 -1.57235082e+05  6.36e-05 2.93e-10  6.08e-04     2s
  21  -1.57191584e+05 -1.57220431e+05  2.41e-05 8.15e-12  7.85e-05     2s
  22  -1.57216474e+05 -1.57217080e+05  1.33e-04 2.21e-10  1.91e-06     2s

Barrier solved model in 22 iterations and 2.24 seconds (3.03 work units)
Optimal objective -1.57216474e+05


Gurobi 10.0.1 (linux64) logging started Tue Aug 20 16:51:08 2024

Set parameter LogFile to value "solver_opties.log"
Set parameter Threads to value 4
Set parameter Method to value 2
Set parameter BarHomogeneous to value 1
Gurobi Optimizer version 10.0.1 build v10.0.1rc0 (linux64)

CPU model: 12th Gen Intel(R) Core(TM) i5-1235U, instruction set [SSE2|AVX|AVX2]
Thread count: 12 physical cores, 12 logical processors, using up to 4 threads

Optimize a model with 867242 rows, 473052 columns and 1646879 nonzeros
Model fingerprint: 0xbe4f0e7b
Coefficient statistics:
  Matrix range     [4e-01, 4e+04]
  Objective range  [1e-02, 5e+02]
  Bounds range     [1e-05, 1e+06]
  RHS range        [5e-06, 3e+03]
Presolve removed 761028 rows and 266144 columns
Presolve time: 0.51s
Presolved: 106214 rows, 206908 columns, 584681 nonzeros
Ordering time: 0.01s

Barrier statistics:
 AA' NZ     : 4.303e+05
 Factor NZ  : 1.819e+06 (roughly 140 MB of memory)
 Factor Ops : 3.387e+07 (less than 1 second per iteration)
 Threads    : 4

                  Objective                Residual
Iter       Primal          Dual         Primal    Dual     Compl     Time
   0   7.19477421e+08 -3.81855947e+08  7.44e+03 1.81e+01  5.88e+04     1s
   1   1.51819411e+08 -2.94297638e+08  9.80e+02 1.90e+01  8.85e+03     1s
   2   6.50825945e+07 -1.59216329e+08  1.63e+02 1.85e+00  1.72e+03     1s
   3   2.37971039e+07 -3.54026446e+07  1.17e+01 2.20e-01  2.14e+02     1s
   4   1.82449770e+06 -4.96924551e+06  1.15e+00 2.38e-02  2.09e+01     1s
   5   4.42973614e+05 -2.54843810e+06  2.66e-01 1.22e-02  7.97e+00     1s
   6   4.88142411e+04 -7.48766826e+05  5.98e-02 3.17e-03  2.03e+00     1s
   7  -9.64171385e+04 -3.68530022e+05  1.69e-02 1.09e-03  6.81e-01     1s
   8  -1.36110929e+05 -2.06541279e+05  5.58e-03 2.54e-04  1.77e-01     1s
   9  -1.48126453e+05 -1.66901335e+05  2.40e-03 4.73e-05  4.79e-02     1s
  10  -1.54383479e+05 -1.60562102e+05  7.97e-04 1.51e-05  1.58e-02     1s
  11  -1.54959073e+05 -1.59139881e+05  6.37e-04 8.50e-06  1.08e-02     1s
  12  -1.55737603e+05 -1.58333219e+05  4.22e-04 4.82e-06  6.72e-03     1s
  13  -1.56094320e+05 -1.58071262e+05  3.21e-04 3.64e-06  5.12e-03     1s
  14  -1.56645078e+05 -1.57707468e+05  1.68e-04 2.10e-06  2.74e-03     1s
  15  -1.56756615e+05 -1.57470902e+05  1.36e-04 8.58e-07  1.87e-03     2s
  16  -1.56808037e+05 -1.57439294e+05  1.22e-04 7.12e-07  1.66e-03     2s
  17  -1.56861152e+05 -1.57361207e+05  1.06e-04 4.50e-07  1.32e-03     2s
  18  -1.56933235e+05 -1.57356815e+05  8.53e-05 4.30e-07  1.12e-03     2s
  19  -1.56939560e+05 -1.57325151e+05  8.35e-05 3.27e-07  1.02e-03     2s
  20  -1.57012381e+05 -1.57235082e+05  6.36e-05 2.93e-10  6.08e-04     2s
  21  -1.57191584e+05 -1.57220431e+05  2.41e-05 8.15e-12  7.85e-05     2s
  22  -1.57216474e+05 -1.57217080e+05  1.33e-04 2.21e-10  1.91e-06     2s

Barrier solved model in 22 iterations and 2.23 seconds (3.03 work units)
Optimal objective -1.57216474e+05


Gurobi 10.0.1 (linux64) logging started Tue Aug 20 19:56:40 2024

Set parameter LogFile to value "solver_opties.log"
Set parameter Threads to value 4
Set parameter Method to value 2
Set parameter BarHomogeneous to value 1
Gurobi Optimizer version 10.0.1 build v10.0.1rc0 (linux64)

CPU model: 12th Gen Intel(R) Core(TM) i5-1235U, instruction set [SSE2|AVX|AVX2]
Thread count: 12 physical cores, 12 logical processors, using up to 4 threads

Optimize a model with 867242 rows, 473052 columns and 1646879 nonzeros
Model fingerprint: 0xbe4f0e7b
Coefficient statistics:
  Matrix range     [4e-01, 4e+04]
  Objective range  [1e-02, 5e+02]
  Bounds range     [1e-05, 1e+06]
  RHS range        [5e-06, 3e+03]
Presolve removed 761028 rows and 266144 columns
Presolve time: 0.50s
Presolved: 106214 rows, 206908 columns, 584681 nonzeros
Ordering time: 0.01s

Barrier statistics:
 AA' NZ     : 4.303e+05
 Factor NZ  : 1.819e+06 (roughly 140 MB of memory)
 Factor Ops : 3.387e+07 (less than 1 second per iteration)
 Threads    : 4

                  Objective                Residual
Iter       Primal          Dual         Primal    Dual     Compl     Time
   0   7.19477421e+08 -3.81855947e+08  7.44e+03 1.81e+01  5.88e+04     1s
   1   1.51819411e+08 -2.94297638e+08  9.80e+02 1.90e+01  8.85e+03     1s
   2   6.50825945e+07 -1.59216329e+08  1.63e+02 1.85e+00  1.72e+03     1s
   3   2.37971039e+07 -3.54026446e+07  1.17e+01 2.20e-01  2.14e+02     1s
   4   1.82449770e+06 -4.96924551e+06  1.15e+00 2.38e-02  2.09e+01     1s
   5   4.42973614e+05 -2.54843810e+06  2.66e-01 1.22e-02  7.97e+00     1s
   6   4.88142411e+04 -7.48766826e+05  5.98e-02 3.17e-03  2.03e+00     1s
   7  -9.64171385e+04 -3.68530022e+05  1.69e-02 1.09e-03  6.81e-01     1s
   8  -1.36110929e+05 -2.06541279e+05  5.58e-03 2.54e-04  1.77e-01     1s
   9  -1.48126453e+05 -1.66901335e+05  2.40e-03 4.73e-05  4.79e-02     1s
  10  -1.54383479e+05 -1.60562102e+05  7.97e-04 1.51e-05  1.58e-02     1s
  11  -1.54959073e+05 -1.59139881e+05  6.37e-04 8.50e-06  1.08e-02     1s
  12  -1.55737603e+05 -1.58333219e+05  4.22e-04 4.82e-06  6.72e-03     1s
  13  -1.56094320e+05 -1.58071262e+05  3.21e-04 3.64e-06  5.12e-03     1s
  14  -1.56645078e+05 -1.57707468e+05  1.68e-04 2.10e-06  2.74e-03     1s
  15  -1.56756615e+05 -1.57470902e+05  1.36e-04 8.58e-07  1.87e-03     2s
  16  -1.56808037e+05 -1.57439294e+05  1.22e-04 7.12e-07  1.66e-03     2s
  17  -1.56861152e+05 -1.57361207e+05  1.06e-04 4.50e-07  1.32e-03     2s
  18  -1.56933235e+05 -1.57356815e+05  8.53e-05 4.30e-07  1.12e-03     2s
  19  -1.56939560e+05 -1.57325151e+05  8.35e-05 3.27e-07  1.02e-03     2s
  20  -1.57012381e+05 -1.57235082e+05  6.36e-05 2.93e-10  6.08e-04     2s
  21  -1.57191584e+05 -1.57220431e+05  2.41e-05 8.15e-12  7.85e-05     2s
  22  -1.57216474e+05 -1.57217080e+05  1.33e-04 2.21e-10  1.91e-06     2s

Barrier solved model in 22 iterations and 2.18 seconds (3.03 work units)
Optimal objective -1.57216474e+05


Gurobi 10.0.1 (linux64) logging started Tue Aug 20 20:01:19 2024

Set parameter LogFile to value "solver_opties.log"
Set parameter Threads to value 4
Set parameter Method to value 2
Set parameter BarHomogeneous to value 1
Gurobi Optimizer version 10.0.1 build v10.0.1rc0 (linux64)

CPU model: 12th Gen Intel(R) Core(TM) i5-1235U, instruction set [SSE2|AVX|AVX2]
Thread count: 12 physical cores, 12 logical processors, using up to 4 threads

Optimize a model with 867242 rows, 473052 columns and 1646879 nonzeros
Model fingerprint: 0xdcdc6f32
Coefficient statistics:
  Matrix range     [4e-01, 4e+04]
  Objective range  [1e-02, 5e+02]
  Bounds range     [1e-05, 1e+06]
  RHS range        [5e-06, 3e+03]
Presolve removed 761028 rows and 266144 columns
Presolve time: 0.52s
Presolved: 106214 rows, 206908 columns, 584681 nonzeros
Ordering time: 0.01s

Barrier statistics:
 AA' NZ     : 4.303e+05
 Factor NZ  : 1.819e+06 (roughly 140 MB of memory)
 Factor Ops : 3.387e+07 (less than 1 second per iteration)
 Threads    : 4

                  Objective                Residual
Iter       Primal          Dual         Primal    Dual     Compl     Time
   0   7.19477421e+08 -3.81855947e+08  7.44e+03 1.81e+01  5.88e+04     1s
   1   1.51819411e+08 -2.94297638e+08  9.80e+02 1.90e+01  8.85e+03     1s
   2   6.50825945e+07 -1.59216329e+08  1.63e+02 1.85e+00  1.72e+03     1s
   3   2.37971039e+07 -3.54026446e+07  1.17e+01 2.20e-01  2.14e+02     1s
   4   1.82449770e+06 -4.96924551e+06  1.15e+00 2.38e-02  2.09e+01     1s
   5   4.42973614e+05 -2.54843810e+06  2.66e-01 1.22e-02  7.97e+00     1s
   6   4.88142411e+04 -7.48766826e+05  5.98e-02 3.17e-03  2.03e+00     1s
   7  -9.64171385e+04 -3.68530022e+05  1.69e-02 1.09e-03  6.81e-01     1s
   8  -1.36110929e+05 -2.06541279e+05  5.58e-03 2.54e-04  1.77e-01     1s
   9  -1.48126453e+05 -1.66901335e+05  2.40e-03 4.73e-05  4.79e-02     1s
  10  -1.54383479e+05 -1.60562102e+05  7.97e-04 1.51e-05  1.58e-02     1s
  11  -1.54959073e+05 -1.59139881e+05  6.37e-04 8.50e-06  1.08e-02     1s
  12  -1.55737603e+05 -1.58333219e+05  4.22e-04 4.82e-06  6.72e-03     1s
  13  -1.56094320e+05 -1.58071262e+05  3.21e-04 3.64e-06  5.12e-03     1s
  14  -1.56645078e+05 -1.57707468e+05  1.68e-04 2.10e-06  2.74e-03     1s
  15  -1.56756615e+05 -1.57470902e+05  1.36e-04 8.58e-07  1.87e-03     2s
  16  -1.56808037e+05 -1.57439294e+05  1.22e-04 7.12e-07  1.66e-03     2s
  17  -1.56861152e+05 -1.57361207e+05  1.06e-04 4.50e-07  1.32e-03     2s
  18  -1.56933235e+05 -1.57356815e+05  8.53e-05 4.30e-07  1.12e-03     2s
  19  -1.56939560e+05 -1.57325151e+05  8.35e-05 3.27e-07  1.02e-03     2s
  20  -1.57012381e+05 -1.57235082e+05  6.36e-05 2.93e-10  6.08e-04     2s
  21  -1.57191584e+05 -1.57220431e+05  2.41e-05 8.15e-12  7.85e-05     2s
  22  -1.57216474e+05 -1.57217080e+05  1.33e-04 2.21e-10  1.91e-06     2s

Barrier solved model in 22 iterations and 2.21 seconds (3.03 work units)
Optimal objective -1.57216474e+05


Gurobi 10.0.1 (linux64) logging started Tue Aug 20 20:20:29 2024

Set parameter LogFile to value "solver_opties.log"
Set parameter Threads to value 4
Set parameter Method to value 2
Set parameter BarHomogeneous to value 1
Gurobi Optimizer version 10.0.1 build v10.0.1rc0 (linux64)

CPU model: 12th Gen Intel(R) Core(TM) i5-1235U, instruction set [SSE2|AVX|AVX2]
Thread count: 12 physical cores, 12 logical processors, using up to 4 threads

Optimize a model with 849722 rows, 473051 columns and 1620599 nonzeros
Model fingerprint: 0x2fd7bcc6
Coefficient statistics:
  Matrix range     [4e-01, 4e+04]
  Objective range  [1e-02, 5e+02]
  Bounds range     [1e-05, 1e+06]
  RHS range        [5e-06, 3e+03]
Presolve removed 743507 rows and 266142 columns
Presolve time: 0.53s
Presolved: 106215 rows, 206909 columns, 584683 nonzeros
Ordering time: 0.01s

Barrier statistics:
 AA' NZ     : 4.303e+05
 Factor NZ  : 1.952e+06 (roughly 140 MB of memory)
 Factor Ops : 4.155e+07 (less than 1 second per iteration)
 Threads    : 4

                  Objective                Residual
Iter       Primal          Dual         Primal    Dual     Compl     Time
   0   1.85265854e+09 -1.07900320e+11  1.94e+04 1.81e+01  4.15e+05     1s
   1   4.53971729e+08 -2.67258429e+09  2.57e+03 2.00e+00  2.57e+04     1s
   2   6.43833677e+07 -3.99671867e+08  2.19e+02 1.57e-01  2.59e+03     1s
   3   2.31915480e+07 -5.38613553e+07  1.21e+01 3.92e-12  2.55e+02     1s
   4   2.46695487e+06 -5.65591911e+06  1.30e+00 1.75e-12  2.46e+01     1s
   5   4.01023349e+05 -3.38430847e+06  3.03e-01 1.02e-12  1.00e+01     1s
   6   4.08397303e+04 -1.07952289e+06  4.74e-02 3.17e-13  2.79e+00     1s
   7  -5.68215158e+04 -4.93542201e+05  2.21e-02 1.32e-13  1.08e+00     1s
   8  -1.23895849e+05 -2.14947541e+05  7.37e-03 1.69e-13  2.28e-01     1s
   9  -1.46338741e+05 -1.64628200e+05  2.63e-03 2.66e-13  4.67e-02     1s
  10  -1.52314995e+05 -1.61639918e+05  8.91e-02 1.57e-13  2.38e-02     1s
  11  -1.54508508e+05 -1.59526626e+05  6.39e-02 3.24e-13  1.25e-02     1s
  12  -1.55561510e+05 -1.59132565e+05  5.18e-02 2.98e-13  8.83e-03     1s
  13  -1.56099274e+05 -1.58229780e+05  3.54e-02 3.60e-13  5.28e-03     1s
  14  -1.56578508e+05 -1.57814392e+05  2.07e-02 1.68e-12  3.07e-03     1s
  15  -1.56651712e+05 -1.57693398e+05  2.04e-02 4.54e-12  2.49e-03     2s
  16  -1.56691906e+05 -1.57462455e+05  1.90e-02 4.89e-12  1.84e-03     2s
  17  -1.56725309e+05 -1.57413665e+05  1.78e-02 3.91e-12  1.64e-03     2s
  18  -1.57100201e+05 -1.57266470e+05  4.66e-03 8.89e-12  3.95e-04     2s
  19  -1.57207505e+05 -1.57218714e+05  6.40e-04 1.82e-11  2.80e-05     2s
  20  -1.57213191e+05 -1.57217016e+05  1.56e-03 7.00e-10  9.24e-06     2s
  21  -1.57216865e+05 -1.57216875e+05  4.06e-06 3.34e-13  2.32e-08     2s

Barrier solved model in 21 iterations and 2.00 seconds (3.04 work units)
Optimal objective -1.57216865e+05


Gurobi 10.0.1 (linux64) logging started Tue Aug 20 20:23:32 2024

Set parameter LogFile to value "solver_opties.log"
Set parameter Threads to value 4
Set parameter Method to value 2
Set parameter BarHomogeneous to value 1
Gurobi Optimizer version 10.0.1 build v10.0.1rc0 (linux64)

CPU model: 12th Gen Intel(R) Core(TM) i5-1235U, instruction set [SSE2|AVX|AVX2]
Thread count: 12 physical cores, 12 logical processors, using up to 4 threads

Optimize a model with 849722 rows, 473051 columns and 1620599 nonzeros
Model fingerprint: 0x180ed08f
Coefficient statistics:
  Matrix range     [4e-01, 4e+04]
  Objective range  [1e-02, 5e+02]
  Bounds range     [1e-05, 1e+06]
  RHS range        [5e-06, 3e+03]
Presolve removed 743507 rows and 266142 columns
Presolve time: 0.54s
Presolved: 106215 rows, 206909 columns, 584683 nonzeros
Ordering time: 0.02s

Barrier statistics:
 AA' NZ     : 4.303e+05
 Factor NZ  : 1.952e+06 (roughly 140 MB of memory)
 Factor Ops : 4.155e+07 (less than 1 second per iteration)
 Threads    : 4

                  Objective                Residual
Iter       Primal          Dual         Primal    Dual     Compl     Time
   0   1.67923567e+09 -1.08275653e+11  1.95e+04 1.73e+01  4.16e+05     1s
   1   4.00900579e+08 -2.61811766e+09  2.59e+03 1.95e+00  2.56e+04     1s
   2   5.92487197e+07 -3.95944971e+08  2.19e+02 1.52e-01  2.58e+03     1s
   3   2.33384050e+07 -5.40355406e+07  1.22e+01 4.18e-12  2.56e+02     1s
   4   2.27885989e+06 -5.79184009e+06  1.21e+00 2.07e-12  2.41e+01     1s
   5   4.00785268e+05 -3.35648866e+06  2.91e-01 1.15e-12  9.91e+00     1s
   6   6.49828089e+04 -1.08376153e+06  5.57e-02 3.67e-13  2.88e+00     1s
   7  -4.79189331e+04 -4.52576561e+05  2.48e-02 1.34e-13  1.01e+00     1s
   8  -1.26101605e+05 -2.15100966e+05  6.89e-03 2.46e-13  2.23e-01     1s
   9  -1.50710761e+05 -1.70519025e+05  4.88e-03 2.32e-13  4.93e-02     1s
  10  -1.53663781e+05 -1.62661256e+05  1.66e-02 5.33e-13  2.26e-02     1s
  11  -1.54880546e+05 -1.60137762e+05  1.64e-02 6.70e-13  1.32e-02     1s
  12  -1.55614026e+05 -1.59395813e+05  1.16e-02 6.88e-13  9.47e-03     1s
  13  -1.56267232e+05 -1.58836437e+05  1.02e-02 9.12e-13  6.40e-03     1s
  14  -1.56615545e+05 -1.58123445e+05  5.97e-02 2.62e-12  3.75e-03     2s
  15  -1.56710469e+05 -1.57957498e+05  1.23e-01 2.84e-12  2.93e-03     2s
  16  -1.56759253e+05 -1.57471073e+05  1.12e-01 5.95e-12  1.64e-03     2s
  17  -1.57173855e+05 -1.57281027e+05  1.22e-02 1.01e-11  2.52e-04     2s
  18  -1.57214363e+05 -1.57220419e+05  8.23e-04 4.74e-11  1.47e-05     2s
  19  -1.57216878e+05 -1.57216884e+05  1.64e-04 5.10e-11  3.41e-08     2s

Barrier solved model in 19 iterations and 1.92 seconds (2.86 work units)
Optimal objective -1.57216878e+05


Gurobi 10.0.1 (linux64) logging started Tue Aug 20 20:27:24 2024

Set parameter LogFile to value "solver_opties.log"
Set parameter Threads to value 4
Set parameter Method to value 2
Set parameter BarHomogeneous to value 1
Gurobi Optimizer version 10.0.1 build v10.0.1rc0 (linux64)

CPU model: 12th Gen Intel(R) Core(TM) i5-1235U, instruction set [SSE2|AVX|AVX2]
Thread count: 12 physical cores, 12 logical processors, using up to 4 threads

Optimize a model with 849722 rows, 473051 columns and 1620599 nonzeros
Model fingerprint: 0xc90c9fbd
Coefficient statistics:
  Matrix range     [4e-01, 4e+04]
  Objective range  [1e-02, 5e+02]
  Bounds range     [1e-05, 1e+06]
  RHS range        [5e-06, 3e+03]
Presolve removed 743507 rows and 266142 columns
Presolve time: 0.50s
Presolved: 106215 rows, 206909 columns, 584683 nonzeros
Ordering time: 0.01s

Barrier statistics:
 AA' NZ     : 4.303e+05
 Factor NZ  : 1.952e+06 (roughly 140 MB of memory)
 Factor Ops : 4.155e+07 (less than 1 second per iteration)
 Threads    : 4

                  Objective                Residual
Iter       Primal          Dual         Primal    Dual     Compl     Time
   0   1.67923567e+09 -1.08275653e+11  1.95e+04 1.73e+01  4.16e+05     1s
   1   4.00900579e+08 -2.61811766e+09  2.59e+03 1.95e+00  2.56e+04     1s
   2   5.92487197e+07 -3.95944971e+08  2.19e+02 1.52e-01  2.58e+03     1s
   3   2.33384050e+07 -5.40355406e+07  1.22e+01 4.18e-12  2.56e+02     1s
   4   2.27885989e+06 -5.79184009e+06  1.21e+00 2.07e-12  2.41e+01     1s
   5   4.00785268e+05 -3.35648866e+06  2.91e-01 1.15e-12  9.91e+00     1s
   6   6.49828089e+04 -1.08376153e+06  5.57e-02 3.67e-13  2.88e+00     1s
   7  -4.79189331e+04 -4.52576561e+05  2.48e-02 1.34e-13  1.01e+00     1s
   8  -1.26101605e+05 -2.15100966e+05  6.89e-03 2.46e-13  2.23e-01     1s
   9  -1.50710761e+05 -1.70519025e+05  4.88e-03 2.32e-13  4.93e-02     1s
  10  -1.53663781e+05 -1.62661256e+05  1.66e-02 5.33e-13  2.26e-02     1s
  11  -1.54880546e+05 -1.60137762e+05  1.64e-02 6.70e-13  1.32e-02     1s
  12  -1.55614026e+05 -1.59395813e+05  1.16e-02 6.88e-13  9.47e-03     1s
  13  -1.56267232e+05 -1.58836437e+05  1.02e-02 9.12e-13  6.40e-03     1s
  14  -1.56615545e+05 -1.58123445e+05  5.97e-02 2.62e-12  3.75e-03     1s
  15  -1.56710469e+05 -1.57957498e+05  1.23e-01 2.84e-12  2.93e-03     2s
  16  -1.56759253e+05 -1.57471073e+05  1.12e-01 5.95e-12  1.64e-03     2s
  17  -1.57173855e+05 -1.57281027e+05  1.22e-02 1.01e-11  2.52e-04     2s
  18  -1.57214363e+05 -1.57220419e+05  8.23e-04 4.74e-11  1.47e-05     2s
  19  -1.57216878e+05 -1.57216884e+05  1.64e-04 5.10e-11  3.41e-08     2s

Barrier solved model in 19 iterations and 1.86 seconds (2.86 work units)
Optimal objective -1.57216878e+05


Gurobi 10.0.1 (linux64) logging started Tue Aug 20 20:34:08 2024

Set parameter LogFile to value "solver_opties.log"
Set parameter Threads to value 4
Set parameter Method to value 2
Set parameter BarHomogeneous to value 1
Gurobi Optimizer version 10.0.1 build v10.0.1rc0 (linux64)

CPU model: 12th Gen Intel(R) Core(TM) i5-1235U, instruction set [SSE2|AVX|AVX2]
Thread count: 12 physical cores, 12 logical processors, using up to 4 threads

Optimize a model with 867242 rows, 473052 columns and 1646879 nonzeros
Model fingerprint: 0xfbab38ab
Coefficient statistics:
  Matrix range     [4e-01, 4e+04]
  Objective range  [1e-02, 5e+02]
  Bounds range     [1e-05, 1e+06]
  RHS range        [5e-06, 3e+03]
Presolve removed 761028 rows and 266144 columns
Presolve time: 0.54s
Presolved: 106214 rows, 206908 columns, 584681 nonzeros
Ordering time: 0.01s

Barrier statistics:
 AA' NZ     : 4.303e+05
 Factor NZ  : 1.819e+06 (roughly 140 MB of memory)
 Factor Ops : 3.387e+07 (less than 1 second per iteration)
 Threads    : 4

                  Objective                Residual
Iter       Primal          Dual         Primal    Dual     Compl     Time
   0   6.51312681e+08 -3.83326782e+08  7.44e+03 1.73e+01  5.89e+04     1s
   1   1.37936014e+08 -2.95752806e+08  9.84e+02 1.90e+01  8.91e+03     1s
   2   6.22532149e+07 -1.61123042e+08  1.66e+02 1.87e+00  1.75e+03     1s
   3   2.48206602e+07 -3.52514680e+07  1.20e+01 2.10e-01  2.18e+02     1s
   4   1.99492169e+06 -5.33269107e+06  1.26e+00 2.35e-02  2.26e+01     1s
   5   5.38720525e+05 -2.61872324e+06  3.35e-01 1.15e-02  8.54e+00     1s
   6   4.16511089e+04 -9.26433717e+05  6.45e-02 3.70e-03  2.46e+00     1s
   7  -1.04606709e+05 -4.32400045e+05  1.56e-02 1.30e-03  8.15e-01     1s
   8  -1.36948340e+05 -2.19564290e+05  5.70e-03 3.01e-04  2.06e-01     1s
   9  -1.49460442e+05 -1.65650091e+05  2.21e-03 4.01e-05  4.14e-02     1s
  10  -1.52872513e+05 -1.60329187e+05  1.28e-03 1.34e-05  1.94e-02     1s
  11  -1.53539819e+05 -1.59669593e+05  1.09e-03 1.04e-05  1.59e-02     1s
  12  -1.54518815e+05 -1.58837128e+05  8.03e-04 6.68e-06  1.13e-02     1s
  13  -1.55436467e+05 -1.58309988e+05  5.36e-04 4.32e-06  7.50e-03     1s
  14  -1.56559233e+05 -1.57802400e+05  2.09e-04 2.22e-06  3.22e-03     2s
  15  -1.56765005e+05 -1.57574105e+05  1.47e-04 1.23e-06  2.11e-03     2s
  16  -1.56861720e+05 -1.57521718e+05  1.17e-04 1.03e-06  1.72e-03     2s
  17  -1.56902269e+05 -1.57472812e+05  1.04e-04 8.48e-07  1.49e-03     2s
  18  -1.56961377e+05 -1.57339609e+05  8.48e-05 3.58e-07  1.00e-03     2s
  19  -1.57040813e+05 -1.57242657e+05  5.90e-05 3.78e-08  5.51e-04     2s
  20  -1.57197379e+05 -1.57222209e+05  2.02e-04 4.52e-10  3.27e-04     2s
  21  -1.57215920e+05 -1.57217886e+05  1.94e-05 2.94e-10  2.45e-05     2s
  22  -1.57216873e+05 -1.57216882e+05  5.56e-08 2.92e-10  7.62e-08     2s

Barrier solved model in 22 iterations and 2.18 seconds (2.95 work units)
Optimal objective -1.57216873e+05


Gurobi 10.0.1 (linux64) logging started Tue Aug 20 20:36:01 2024

Set parameter LogFile to value "solver_opties.log"
Set parameter Threads to value 4
Set parameter Method to value 2
Set parameter BarHomogeneous to value 1
Gurobi Optimizer version 10.0.1 build v10.0.1rc0 (linux64)

CPU model: 12th Gen Intel(R) Core(TM) i5-1235U, instruction set [SSE2|AVX|AVX2]
Thread count: 12 physical cores, 12 logical processors, using up to 4 threads

Optimize a model with 867242 rows, 473052 columns and 1646879 nonzeros
Model fingerprint: 0x5c86060b
Coefficient statistics:
  Matrix range     [4e-01, 4e+04]
  Objective range  [1e-02, 5e+02]
  Bounds range     [1e-05, 1e+06]
  RHS range        [5e-06, 3e+03]
Presolve removed 761028 rows and 266144 columns
Presolve time: 0.50s
Presolved: 106214 rows, 206908 columns, 584681 nonzeros
Ordering time: 0.01s

Barrier statistics:
 AA' NZ     : 4.303e+05
 Factor NZ  : 1.819e+06 (roughly 140 MB of memory)
 Factor Ops : 3.387e+07 (less than 1 second per iteration)
 Threads    : 4

                  Objective                Residual
Iter       Primal          Dual         Primal    Dual     Compl     Time
   0   5.83143933e+08 -3.85220361e+08  7.44e+03 1.68e+01  5.91e+04     1s
   1   1.21401292e+08 -2.97554147e+08  9.88e+02 1.90e+01  8.97e+03     1s
   2   5.83059635e+07 -1.63425430e+08  1.69e+02 1.89e+00  1.78e+03     1s
   3   2.52062246e+07 -3.48498366e+07  1.12e+01 1.97e-01  2.13e+02     1s
   4   1.77642103e+06 -5.43435427e+06  1.06e+00 2.17e-02  2.16e+01     1s
   5   5.59043675e+05 -2.57606769e+06  3.20e-01 1.03e-02  8.43e+00     1s
   6   2.79299456e+04 -9.02127777e+05  5.86e-02 3.29e-03  2.36e+00     1s
   7  -1.05440772e+05 -3.74639650e+05  1.56e-02 9.65e-04  6.72e-01     1s
   8  -1.37580948e+05 -2.14666800e+05  5.81e-03 2.57e-04  1.93e-01     1s
   9  -1.47870669e+05 -1.71515370e+05  2.81e-03 6.32e-05  6.01e-02     1s
  10  -1.51627362e+05 -1.63623844e+05  1.67e-03 2.80e-05  3.07e-02     1s
  11  -1.53828464e+05 -1.61119706e+05  1.02e-03 1.68e-05  1.87e-02     1s
  12  -1.55120359e+05 -1.59570657e+05  6.34e-04 9.90e-06  1.14e-02     1s
  13  -1.55892792e+05 -1.58991244e+05  4.04e-04 7.41e-06  7.91e-03     1s
  14  -1.56520882e+05 -1.58082720e+05  2.14e-04 3.62e-06  4.00e-03     1s
  15  -1.56954149e+05 -1.57837471e+05  8.73e-05 2.51e-06  2.23e-03     2s
  16  -1.56987121e+05 -1.57674349e+05  7.67e-05 1.84e-06  1.74e-03     2s
  17  -1.57021391e+05 -1.57564602e+05  6.56e-05 1.37e-06  1.38e-03     2s
  18  -1.57038839e+05 -1.57528901e+05  6.00e-05 1.22e-06  1.25e-03     2s
  19  -1.57082059e+05 -1.57293536e+05  4.62e-05 2.48e-07  5.61e-04     2s
  20  -1.57213198e+05 -1.57220196e+05  9.03e-06 3.33e-09  1.87e-05     2s
  21  -1.57216839e+05 -1.57216891e+05  8.46e-06 3.25e-10  1.53e-07     2s

Barrier solved model in 21 iterations and 2.01 seconds (2.84 work units)
Optimal objective -1.57216839e+05


Gurobi 10.0.1 (linux64) logging started Tue Aug 20 20:50:50 2024

Set parameter LogFile to value "solver_opties.log"
Set parameter Threads to value 4
Set parameter Method to value 2
Set parameter BarHomogeneous to value 1
Gurobi Optimizer version 10.0.1 build v10.0.1rc0 (linux64)

CPU model: 12th Gen Intel(R) Core(TM) i5-1235U, instruction set [SSE2|AVX|AVX2]
Thread count: 12 physical cores, 12 logical processors, using up to 4 threads

Optimize a model with 867242 rows, 473052 columns and 1646879 nonzeros
Model fingerprint: 0x68610cf9
Coefficient statistics:
  Matrix range     [4e-01, 4e+04]
  Objective range  [1e-02, 5e+02]
  Bounds range     [1e-05, 1e+06]
  RHS range        [5e-06, 3e+03]
Presolve removed 761028 rows and 266144 columns
Presolve time: 0.50s
Presolved: 106214 rows, 206908 columns, 584681 nonzeros
Ordering time: 0.01s

Barrier statistics:
 AA' NZ     : 4.303e+05
 Factor NZ  : 1.819e+06 (roughly 140 MB of memory)
 Factor Ops : 3.387e+07 (less than 1 second per iteration)
 Threads    : 4

                  Objective                Residual
Iter       Primal          Dual         Primal    Dual     Compl     Time
   0  -2.31985798e+08 -3.85220361e+08  7.44e+03 1.68e+01  5.91e+04     1s
   1   1.31679974e+07 -2.97554147e+08  9.88e+02 1.90e+01  8.97e+03     1s
   2   3.97568986e+07 -1.63425430e+08  1.69e+02 1.89e+00  1.78e+03     1s
   3   2.39844205e+07 -3.48498366e+07  1.12e+01 1.97e-01  2.13e+02     1s
   4   1.65992171e+06 -5.43435309e+06  1.06e+00 2.17e-02  2.16e+01     1s
   5   5.24000539e+05 -2.57607601e+06  3.20e-01 1.03e-02  8.43e+00     1s
   6   2.15118927e+04 -9.02133675e+05  5.86e-02 3.29e-03  2.36e+00     1s
   7  -1.07150633e+05 -3.74640826e+05  1.56e-02 9.65e-04  6.72e-01     1s
   8  -1.38216937e+05 -2.14667060e+05  5.81e-03 2.57e-04  1.93e-01     1s
   9  -1.48177838e+05 -1.71515358e+05  2.81e-03 6.32e-05  6.01e-02     1s
  10  -1.51810731e+05 -1.63623871e+05  1.67e-03 2.80e-05  3.07e-02     1s
  11  -1.53940202e+05 -1.61119744e+05  1.02e-03 1.68e-05  1.87e-02     1s
  12  -1.55189797e+05 -1.59570638e+05  6.34e-04 9.90e-06  1.14e-02     1s
  13  -1.55937037e+05 -1.58991245e+05  4.04e-04 7.41e-06  7.91e-03     1s
  14  -1.56544002e+05 -1.58082734e+05  2.14e-04 3.62e-06  4.00e-03     1s
  15  -1.56963569e+05 -1.57837442e+05  8.75e-05 2.51e-06  2.23e-03     2s
  16  -1.56995418e+05 -1.57674276e+05  7.69e-05 1.84e-06  1.74e-03     2s
  17  -1.57028488e+05 -1.57564531e+05  6.58e-05 1.37e-06  1.38e-03     2s
  18  -1.57045341e+05 -1.57528538e+05  6.02e-05 1.22e-06  1.25e-03     2s
  19  -1.57086975e+05 -1.57292944e+05  4.63e-05 2.46e-07  5.60e-04     2s
  20  -1.57213374e+05 -1.57220193e+05  5.03e-06 3.30e-09  1.86e-05     2s
  21  -1.57216845e+05 -1.57216892e+05  6.57e-06 3.68e-10  1.60e-07     2s

Barrier solved model in 21 iterations and 2.00 seconds (2.84 work units)
Optimal objective -1.57216845e+05


Gurobi 10.0.1 (linux64) logging started Tue Aug 20 20:53:51 2024

Set parameter LogFile to value "solver_opties.log"
Set parameter Threads to value 4
Set parameter Method to value 2
Set parameter BarHomogeneous to value 1
Gurobi Optimizer version 10.0.1 build v10.0.1rc0 (linux64)

CPU model: 12th Gen Intel(R) Core(TM) i5-1235U, instruction set [SSE2|AVX|AVX2]
Thread count: 12 physical cores, 12 logical processors, using up to 4 threads

Optimize a model with 867242 rows, 473052 columns and 1646879 nonzeros
Model fingerprint: 0x04948583
Coefficient statistics:
  Matrix range     [4e-01, 4e+04]
  Objective range  [1e-02, 5e+02]
  Bounds range     [1e-05, 1e+06]
  RHS range        [5e-06, 3e+03]
Presolve removed 796068 rows and 301184 columns
Presolve time: 0.44s
Presolved: 71174 rows, 171868 columns, 295601 nonzeros
Ordering time: 0.01s

Barrier statistics:
 AA' NZ     : 1.062e+05
 Factor NZ  : 8.831e+05 (roughly 100 MB of memory)
 Factor Ops : 1.199e+07 (less than 1 second per iteration)
 Threads    : 4

                  Objective                Residual
Iter       Primal          Dual         Primal    Dual     Compl     Time
   0   7.81639749e+08 -3.73730006e+08  2.97e+04 1.56e+01  1.08e+05     1s
   1   2.68887870e+08 -2.25745110e+08  2.89e+03 3.41e+01  1.29e+04     1s
   2   9.71608560e+07 -1.22685281e+08  5.53e+02 3.78e+00  2.73e+03     1s
   3   4.02798647e+07 -2.88304722e+07  3.87e+01 2.08e-01  3.41e+02     1s
   4   1.41529002e+07 -1.89999206e+07  6.02e+00 5.35e-03  1.26e+02     1s
   5   5.06762095e+06 -1.90331643e+06  8.56e-01 2.18e-04  2.52e+01     1s
   6   2.63251807e+06 -5.68291648e+05  2.20e-01 6.35e-05  1.13e+01     1s
   7   1.90895310e+06  6.61512409e+05  6.03e-02 4.84e-13  4.36e+00     1s
   8   1.74046375e+06  1.52106863e+06  1.19e-02 2.12e-13  7.67e-01     1s
   9   1.70981105e+06  1.66120401e+06  2.98e-03 5.34e-13  1.71e-01     1s
  10   1.69905292e+06  1.69877618e+06  1.43e-05 4.17e-13  9.66e-04     1s
  11   1.69898747e+06  1.69898732e+06  4.01e-06 1.02e-11  5.54e-07     2s

Barrier solved model in 11 iterations and 1.78 seconds (1.61 work units)
Optimal objective 1.69898747e+06


Gurobi 10.0.1 (linux64) logging started Tue Aug 20 21:06:32 2024

Set parameter LogFile to value "solver_opties.log"
Set parameter Threads to value 4
Set parameter Method to value 2
Set parameter BarHomogeneous to value 1
Gurobi Optimizer version 10.0.1 build v10.0.1rc0 (linux64)

CPU model: 12th Gen Intel(R) Core(TM) i5-1235U, instruction set [SSE2|AVX|AVX2]
Thread count: 12 physical cores, 12 logical processors, using up to 4 threads

Optimize a model with 867242 rows, 473052 columns and 1646878 nonzeros
Model fingerprint: 0xee638b72
Coefficient statistics:
  Matrix range     [4e-01, 4e+04]
  Objective range  [1e-02, 5e+02]
  Bounds range     [1e-05, 1e+06]
  RHS range        [5e-06, 3e+03]
Presolve removed 796615 rows and 319251 columns
Presolve time: 0.43s
Presolved: 70627 rows, 153801 columns, 259467 nonzeros
Ordering time: 0.00s

Barrier statistics:
 AA' NZ     : 5.820e+04
 Factor NZ  : 5.694e+05 (roughly 60 MB of memory)
 Factor Ops : 1.091e+07 (less than 1 second per iteration)
 Threads    : 4

                  Objective                Residual
Iter       Primal          Dual         Primal    Dual     Compl     Time
   0   2.17371740e+08 -3.77195937e+07  3.64e+04 4.01e+01  2.49e+04     1s
   1   6.35958501e+07 -3.84220281e+07  2.65e+03 3.36e+01  2.48e+03     1s
   2   3.03253671e+07 -1.08362122e+07  7.00e+01 7.44e-13  2.75e+02     1s
   3   8.28949070e+06 -2.65401099e+06  4.68e+00 3.65e-13  6.31e+01     1s
   4   1.99470509e+06  1.12535012e+05  5.45e-01 4.35e-13  1.07e+01     1s
   5   1.50092183e+06  8.37398012e+05  1.87e-01 2.20e-13  3.76e+00     1s
   6   1.36824099e+06  1.06284591e+06  7.74e-02 1.67e-13  1.73e+00     1s
   7   1.33237645e+06  1.16559082e+06  3.92e-02 1.60e-13  9.43e-01     1s
   8   1.31666772e+06  1.21673485e+06  1.73e-02 4.65e-13  5.64e-01     1s
   9   1.30899940e+06  1.28054853e+06  4.42e-03 2.29e-12  1.61e-01     1s
  10   1.30589913e+06  1.30537200e+06  3.72e-05 4.05e-13  2.97e-03     1s
  11   1.30586520e+06  1.30586465e+06  1.09e-06 2.66e-11  3.09e-06     1s

Barrier solved model in 11 iterations and 1.14 seconds (1.39 work units)
Optimal objective 1.30586520e+06


Gurobi 10.0.1 (linux64) logging started Tue Aug 20 21:13:12 2024

Set parameter LogFile to value "solver_opties.log"
Set parameter Threads to value 4
Set parameter Method to value 2
Set parameter BarHomogeneous to value 1
Gurobi Optimizer version 10.0.1 build v10.0.1rc0 (linux64)

CPU model: 12th Gen Intel(R) Core(TM) i5-1235U, instruction set [SSE2|AVX|AVX2]
Thread count: 12 physical cores, 12 logical processors, using up to 4 threads

Optimize a model with 867242 rows, 473052 columns and 1646878 nonzeros
Model fingerprint: 0xcae89596
Coefficient statistics:
  Matrix range     [4e-01, 4e+04]
  Objective range  [1e-02, 5e+02]
  Bounds range     [1e-05, 1e+06]
  RHS range        [5e-06, 3e+03]
Presolve removed 761575 rows and 284211 columns
Presolve time: 0.48s
Presolved: 105667 rows, 188841 columns, 513507 nonzeros
Ordering time: 0.01s

Barrier statistics:
 AA' NZ     : 3.860e+05
 Factor NZ  : 1.752e+06 (roughly 130 MB of memory)
 Factor Ops : 3.166e+07 (less than 1 second per iteration)
 Threads    : 4

                  Objective                Residual
Iter       Primal          Dual         Primal    Dual     Compl     Time
   0   4.09093366e+08 -3.75786332e+08  7.45e+03 1.55e+01  5.89e+04     1s
   1   1.03415056e+08 -2.97395530e+08  1.05e+03 1.92e+01  9.47e+03     1s
   2   5.01634107e+07 -1.69599499e+08  1.68e+02 1.85e+00  1.80e+03     1s
   3   2.74211395e+07 -2.57045866e+07  1.73e+01 1.39e-01  2.44e+02     1s
   4   1.09984226e+06 -1.00860988e+07  1.31e+00 1.54e-02  3.43e+01     1s
   5   6.22536121e+05 -3.75838452e+06  4.78e-01 5.97e-03  1.28e+01     1s
   6   2.65735298e+04 -1.51058266e+06  7.47e-02 2.27e-03  4.19e+00     1s
   7  -1.26706789e+05 -3.26833009e+05  8.81e-03 2.59e-04  5.38e-01     1s
   8  -1.40298960e+05 -2.09483642e+05  4.91e-03 7.94e-05  1.87e-01     1s
   9  -1.49513855e+05 -1.75264278e+05  2.31e-03 2.73e-05  6.99e-02     1s
  10  -1.54073525e+05 -1.63998886e+05  9.42e-04 1.02e-05  2.70e-02     1s
  11  -1.55422632e+05 -1.59687902e+05  5.41e-04 3.55e-06  1.17e-02     1s
  12  -1.56321687e+05 -1.58340544e+05  2.75e-04 1.55e-06  5.54e-03     1s
  13  -1.56467317e+05 -1.57965286e+05  2.31e-04 1.01e-06  4.13e-03     2s
  14  -1.56530169e+05 -1.57902390e+05  2.12e-04 9.16e-07  3.78e-03     2s
  15  -1.56800360e+05 -1.57603637e+05  1.32e-04 4.92e-07  2.22e-03     2s
  16  -1.56850946e+05 -1.57447996e+05  1.16e-04 2.59e-07  1.66e-03     2s
  17  -1.57024320e+05 -1.57425049e+05  6.30e-05 2.33e-07  1.11e-03     2s
  18  -1.57070547e+05 -1.57245095e+05  4.75e-05 1.45e-08  4.96e-04     2s
  19  -1.57208555e+05 -1.57224369e+05  1.03e-04 1.78e-10  4.43e-05     2s
  20  -1.57216651e+05 -1.57217040e+05  8.14e-05 1.74e-10  1.12e-06     2s

Barrier solved model in 20 iterations and 2.12 seconds (2.52 work units)
Optimal objective -1.57216651e+05


Gurobi 10.0.1 (linux64) logging started Tue Aug 20 21:17:52 2024

Set parameter LogFile to value "solver_opties.log"
Set parameter Threads to value 4
Set parameter Method to value 2
Set parameter BarHomogeneous to value 1
Gurobi Optimizer version 10.0.1 build v10.0.1rc0 (linux64)

CPU model: 12th Gen Intel(R) Core(TM) i5-1235U, instruction set [SSE2|AVX|AVX2]
Thread count: 12 physical cores, 12 logical processors, using up to 4 threads

Optimize a model with 867242 rows, 473052 columns and 1646878 nonzeros
Model fingerprint: 0x61e61edd
Coefficient statistics:
  Matrix range     [4e-01, 4e+04]
  Objective range  [1e-02, 5e+02]
  Bounds range     [1e-05, 1e+06]
  RHS range        [5e-06, 3e+03]
Presolve removed 796615 rows and 292971 columns
Presolve time: 0.45s
Presolved: 70627 rows, 180081 columns, 312027 nonzeros
Ordering time: 0.01s

Barrier statistics:
 AA' NZ     : 1.057e+05
 Factor NZ  : 1.020e+06 (roughly 100 MB of memory)
 Factor Ops : 1.584e+07 (less than 1 second per iteration)
 Threads    : 4

                  Objective                Residual
Iter       Primal          Dual         Primal    Dual     Compl     Time
   0   2.23574083e+08 -3.90932361e+08  7.42e+03 2.38e+01  1.12e+05     1s
   1   2.20150413e+08 -2.40288349e+08  7.23e+02 3.53e+01  1.33e+04     1s
   2   9.05308520e+07 -1.32452063e+08  1.40e+02 3.93e+00  2.83e+03     1s
   3   3.80476043e+07 -3.81914289e+07  9.86e+00 2.17e-01  3.60e+02     1s
   4   1.52373832e+07 -3.03244568e+07  1.33e+00 3.75e-02  1.59e+02     1s
   5   5.05695953e+06 -8.80065411e+06  6.34e-02 1.43e-02  4.54e+01     1s
   6   1.25695527e+06 -4.44899725e+06  1.41e-02 6.98e-03  1.86e+01     1s
   7   6.40308575e+05 -1.21758705e+06  6.37e-03 1.97e-03  6.06e+00     1s
   8   2.69554119e+05 -3.08536900e+05  1.25e-03 6.71e-04  1.88e+00     1s
   9   1.67008524e+05  8.31785341e+03  2.89e-04 1.75e-04  5.16e-01     1s
  10   1.45351725e+05  1.39626122e+05  1.99e-05 4.33e-06  1.86e-02     1s
  11   1.42866961e+05  1.42731301e+05  1.08e-07 1.72e-07  4.41e-04     2s
  12   1.42862269e+05  1.42862154e+05  3.51e-07 2.26e-10  3.74e-07     2s

Barrier solved model in 12 iterations and 1.62 seconds (1.59 work units)
Optimal objective 1.42862269e+05


Gurobi 10.0.1 (linux64) logging started Tue Aug 20 21:19:52 2024

Set parameter LogFile to value "solver_opties.log"
Set parameter Threads to value 4
Set parameter Method to value 2
Set parameter BarHomogeneous to value 1
Gurobi Optimizer version 10.0.1 build v10.0.1rc0 (linux64)

CPU model: 12th Gen Intel(R) Core(TM) i5-1235U, instruction set [SSE2|AVX|AVX2]
Thread count: 12 physical cores, 12 logical processors, using up to 4 threads

Optimize a model with 867242 rows, 473052 columns and 1646878 nonzeros
Model fingerprint: 0x608acdcb
Coefficient statistics:
  Matrix range     [4e-01, 4e+04]
  Objective range  [1e-02, 5e+02]
  Bounds range     [1e-05, 1e+06]
  RHS range        [5e-06, 3e+03]
Presolve removed 796615 rows and 292971 columns
Presolve time: 0.42s
Presolved: 70627 rows, 180081 columns, 312027 nonzeros
Ordering time: 0.01s

Barrier statistics:
 AA' NZ     : 1.057e+05
 Factor NZ  : 1.020e+06 (roughly 100 MB of memory)
 Factor Ops : 1.584e+07 (less than 1 second per iteration)
 Threads    : 4

                  Objective                Residual
Iter       Primal          Dual         Primal    Dual     Compl     Time
   0   4.95089205e+08 -4.03517136e+08  7.42e+03 3.11e+01  1.16e+05     1s
   1   2.49415668e+08 -2.47404915e+08  7.20e+02 3.67e+01  1.36e+04     1s
   2   1.07509201e+08 -1.32051554e+08  1.40e+02 4.03e+00  2.92e+03     1s
   3   4.08128449e+07 -3.58153033e+07  9.68e+00 2.22e-01  3.62e+02     1s
   4   7.01310886e+06 -1.61618981e+07  7.04e-01 3.03e-02  8.06e+01     1s
   5   1.61742545e+06 -6.26419803e+06  8.78e-02 1.20e-02  2.61e+01     1s
   6   7.72496532e+05 -3.99763219e+06  3.60e-02 7.68e-03  1.57e+01     1s
   7   4.23197704e+05 -8.99953945e+05  7.01e-03 2.10e-03  4.32e+00     1s
   8   2.23961289e+05  1.84935111e+04  9.54e-04 2.87e-04  6.70e-01     1s
   9   1.99694417e+05  1.75528337e+05  1.31e-04 3.08e-05  7.88e-02     1s
  10   1.95836439e+05  1.95528131e+05  7.72e-07 3.07e-07  1.00e-03     1s
  11   1.95790693e+05  1.95790385e+05  2.28e-06 4.74e-10  1.01e-06     2s

Barrier solved model in 11 iterations and 1.54 seconds (1.51 work units)
Optimal objective 1.95790693e+05


Gurobi 10.0.1 (linux64) logging started Tue Aug 20 21:23:32 2024

Set parameter LogFile to value "solver_opties.log"
Set parameter Threads to value 4
Set parameter Method to value 2
Set parameter BarHomogeneous to value 1
Gurobi Optimizer version 10.0.1 build v10.0.1rc0 (linux64)

CPU model: 12th Gen Intel(R) Core(TM) i5-1235U, instruction set [SSE2|AVX|AVX2]
Thread count: 12 physical cores, 12 logical processors, using up to 4 threads

Optimize a model with 902285 rows, 473060 columns and 1752004 nonzeros
Model fingerprint: 0xf502d594
Coefficient statistics:
  Matrix range     [4e-01, 4e+04]
  Objective range  [1e-02, 4e+04]
  Bounds range     [1e-05, 1e+06]
  RHS range        [5e-06, 3e+03]
Presolve removed 814392 rows and 297656 columns
Presolve time: 0.53s

Barrier solved model in 0 iterations and 0.53 seconds (1.13 work units)
Model is infeasible or unbounded

Gurobi 10.0.1 (linux64) logging started Tue Aug 20 21:54:08 2024

Set parameter LogFile to value "solver_opties.log"
Set parameter Threads to value 4
Set parameter Method to value 2
Set parameter BarHomogeneous to value 1
Gurobi Optimizer version 10.0.1 build v10.0.1rc0 (linux64)

CPU model: 12th Gen Intel(R) Core(TM) i5-1235U, instruction set [SSE2|AVX|AVX2]
Thread count: 12 physical cores, 12 logical processors, using up to 4 threads

Optimize a model with 902285 rows, 473060 columns and 1752004 nonzeros
Model fingerprint: 0xc4ca4d3a
Coefficient statistics:
  Matrix range     [4e-01, 4e+04]
  Objective range  [1e-02, 8e+04]
  Bounds range     [1e-05, 1e+06]
  RHS range        [5e-06, 3e+03]
Presolve removed 814392 rows and 297656 columns
Presolve time: 0.53s

Barrier solved model in 0 iterations and 0.53 seconds (1.13 work units)
Model is infeasible or unbounded

Gurobi 10.0.1 (linux64) logging started Tue Aug 20 21:56:13 2024

Set parameter LogFile to value "solver_opties.log"
Set parameter Threads to value 4
Set parameter Method to value 2
Set parameter BarHomogeneous to value 1
Gurobi Optimizer version 10.0.1 build v10.0.1rc0 (linux64)

CPU model: 12th Gen Intel(R) Core(TM) i5-1235U, instruction set [SSE2|AVX|AVX2]
Thread count: 12 physical cores, 12 logical processors, using up to 4 threads

Optimize a model with 902285 rows, 473060 columns and 1752004 nonzeros
Model fingerprint: 0x58766566
Coefficient statistics:
  Matrix range     [4e-01, 4e+04]
  Objective range  [1e-02, 3e+05]
  Bounds range     [1e-05, 1e+06]
  RHS range        [5e-06, 3e+03]
Presolve removed 717932 rows and 253753 columns
Presolve time: 0.60s

Barrier solved model in 0 iterations and 0.60 seconds (1.32 work units)
Model is infeasible or unbounded

Gurobi 10.0.1 (linux64) logging started Tue Aug 20 22:00:54 2024

Set parameter LogFile to value "solver_opties.log"
Set parameter Threads to value 4
Set parameter Method to value 2
Set parameter BarHomogeneous to value 1
Gurobi Optimizer version 10.0.1 build v10.0.1rc0 (linux64)

CPU model: 12th Gen Intel(R) Core(TM) i5-1235U, instruction set [SSE2|AVX|AVX2]
Thread count: 12 physical cores, 12 logical processors, using up to 4 threads

Optimize a model with 902285 rows, 473060 columns and 1752004 nonzeros
Model fingerprint: 0x7f754c83
Coefficient statistics:
  Matrix range     [4e-01, 4e+04]
  Objective range  [1e-02, 3e+05]
  Bounds range     [1e-05, 1e+06]
  RHS range        [5e-06, 3e+03]
Presolve removed 761732 rows and 266849 columns
Presolve time: 0.64s
Presolved: 140553 rows, 206211 columns, 635839 nonzeros
Ordering time: 0.02s

Barrier statistics:
 Dense cols : 4
 AA' NZ     : 5.523e+05
 Factor NZ  : 2.469e+06 (roughly 160 MB of memory)
 Factor Ops : 4.910e+07 (less than 1 second per iteration)
 Threads    : 4

                  Objective                Residual
Iter       Primal          Dual         Primal    Dual     Compl     Time
   0   8.58612639e+08 -1.23149829e+10  7.44e+03 1.90e+01  2.01e+06     1s
   1   4.74284452e+08 -1.00500782e+10  1.34e+03 1.40e+03  5.27e+05     1s
   2   4.33610939e+08 -8.42362988e+09  8.20e+02 9.01e+02  3.30e+05     1s
   3   3.43826349e+08 -4.85212534e+09  2.82e+02 1.21e+02  9.57e+04     1s
   4   9.34842181e+07 -5.47388439e+08  2.43e+01 1.40e+01  4.25e+03     1s
   5   1.96202127e+07 -1.16222718e+08  6.80e-01 3.38e+00  5.09e+02     1s
   6  -7.23451804e+07 -1.29672166e+08  4.89e-02 2.32e+00  4.84e+02     1s
   7  -2.47062338e+08 -4.08640144e+09  4.54e-02 2.99e+00  1.10e+04     2s
   8  -1.25704802e+09 -3.19841691e+09  7.97e-03 2.10e+00  8.40e+03     2s
   9* -3.26102673e+11 -4.45703081e+10  1.94e-02 8.47e+00  1.73e+01     2s
  10* -1.11267009e+13 -8.89945915e+12  1.83e-02 1.58e+00  3.69e+00     2s
  11* -1.54985869e+14 -2.27872140e+15  7.61e-04 5.69e-01  1.50e+00     2s
  12* -8.23876785e+13 -6.40604339e+14  4.52e-02 3.12e-01  1.78e-01     2s
  13* -1.47243567e+14 -1.45266362e+15  7.09e-02 4.18e-01  4.07e-01     2s
  14* -1.92767839e+14 -3.83322105e+15  1.28e-01 1.17e+00  4.35e+00     2s
  15* -6.92776429e+14 -6.21009257e+15  2.68e-01 1.85e+00  3.13e+01     2s
  16* -3.73693141e+15 -1.33925803e+16  2.28e-01 1.64e+00  4.69e+01     3s
  17* -2.56074018e+16 -1.33034400e+16  1.07e+00 3.50e-01  3.77e+00     3s
  18* -3.91375574e+17 -6.51055090e+17  2.71e+00 9.48e-02  4.48e-01     3s
  19* -6.15598270e+17 -6.80796782e+17  5.98e-01 1.57e-02  1.03e-01     3s
  20* -3.59490196e+18 -3.15093853e+18  9.41e-02 4.64e-04  8.44e-03     3s
  21* -9.08862334e+18 -7.45695635e+19  2.84e-02 8.21e-04  4.97e-02     3s
  22* -6.29977624e+18 -2.67746080e+19  2.48e-02 4.21e-04  1.78e-02     3s
  23* -3.33144988e+18 -7.15348851e+18  2.36e-02 2.24e-04  8.95e-03     3s
  24* -2.67700505e+18 -5.12831823e+18  2.34e-02 1.99e-04  6.44e-03     4s
  25* -1.17114039e+18 -4.14520344e+18  4.37e-02 3.98e-04  2.31e-02     4s
  26* -6.37495145e+17 -3.32835687e+18  8.13e-02 7.16e-04  6.15e-02     4s
  27* -2.83721941e+17 -2.06161369e+18  3.70e-01 3.23e-03  2.23e-01     4s
  28* -2.50114594e+17 -1.48511745e+18  4.05e-01 5.68e-03  2.87e-01     4s
  29* -2.18836836e+17 -1.17282945e+18  5.58e-01 9.50e-03  4.69e-01     4s
  30* -2.04302720e+17 -8.33607745e+17  7.91e-01 2.06e-02  5.44e-01     4s
  31* -2.02578863e+17 -6.86899259e+17  8.54e-01 3.62e-02  6.18e-01     5s
  32* -2.05632426e+17 -6.14732379e+17  9.97e-01 4.72e-02  7.51e-01     5s
  33* -2.06306752e+17 -5.93483038e+17  9.91e-01 4.80e-02  7.14e-01     5s
  34* -2.08208431e+17 -5.78855165e+17  9.89e-01 4.94e-02  7.43e-01     5s
  35* -2.10602744e+17 -5.64808182e+17  9.83e-01 5.00e-02  8.01e-01     5s
  36* -2.13094232e+17 -5.39868982e+17  9.65e-01 5.43e-02  8.25e-01     5s
  37* -2.16005753e+17 -5.15657386e+17  9.13e-01 5.42e-02  8.31e-01     5s
  38* -2.20218705e+17 -5.06911116e+17  9.27e-01 5.60e-02  9.04e-01     6s
  39* -2.28712942e+17 -4.90212803e+17  8.69e-01 6.41e-02  1.01e+00     6s
  40* -2.39450328e+17 -4.77802348e+17  1.04e+00 6.70e-02  1.09e+00     6s
  41* -2.53498508e+17 -4.67540095e+17  1.23e+00 7.18e-02  1.19e+00     6s
  42* -2.61162084e+17 -4.60709418e+17  1.17e+00 7.22e-02  1.16e+00     6s
  43* -2.67482976e+17 -4.56577172e+17  1.06e+00 7.16e-02  1.14e+00     6s
  44* -2.76492413e+17 -4.53138646e+17  9.77e-01 7.02e-02  1.13e+00     7s
  45* -2.90063250e+17 -4.49875188e+17  9.36e-01 6.75e-02  1.09e+00     7s
  46* -3.06839733e+17 -4.48813627e+17  9.95e-01 6.49e-02  1.06e+00     7s
  47* -3.26520549e+17 -4.50076292e+17  1.09e+00 6.17e-02  1.02e+00     7s
  48* -3.37920180e+17 -4.54117324e+17  1.02e+00 5.95e-02  9.69e-01     7s
  49* -3.48095088e+17 -4.57736896e+17  9.01e-01 5.70e-02  9.28e-01     7s
  50* -3.69376202e+17 -4.63914899e+17  9.45e-01 5.60e-02  8.65e-01     7s
  51* -4.65708999e+17 -5.06443088e+17  1.92e+00 6.22e-02  6.19e-01     8s
  52* -7.33754087e+17 -6.20423515e+17  2.79e+00 4.34e-02  3.06e-01     8s
  53* -7.66475805e+17 -1.04554869e+18  2.71e+00 1.03e-01  5.55e-01     8s
  54* -6.83014637e+17 -8.90572238e+17  2.11e+00 7.32e-02  6.51e-01     8s
  55* -6.82524437e+17 -8.81018361e+17  2.08e+00 6.80e-02  6.33e-01     8s
  56* -6.82421882e+17 -8.66975552e+17  1.94e+00 6.70e-02  6.14e-01     8s
  57* -6.86763031e+17 -8.52448562e+17  1.82e+00 6.29e-02  5.73e-01     9s
  58* -6.93935687e+17 -8.50752775e+17  1.67e+00 6.18e-02  5.66e-01     9s
  59* -7.08975725e+17 -8.49170987e+17  1.49e+00 5.68e-02  5.17e-01     9s
  60* -7.13430786e+17 -8.51446122e+17  1.46e+00 5.51e-02  5.01e-01     9s
  61* -7.37661310e+17 -8.53952159e+17  1.31e+00 5.32e-02  4.82e-01     9s
  62* -7.70401411e+17 -8.65077634e+17  1.14e+00 4.68e-02  4.47e-01     9s
  63* -8.77625951e+17 -9.06276425e+17  1.30e+00 3.84e-02  3.56e-01     9s
  64* -1.67855940e+18 -1.33990221e+18  2.52e+00 1.15e-01  1.34e-01    10s
  65* -1.71064154e+18 -2.20804097e+18  2.51e+00 2.74e-01  2.93e-01    10s
  66* -1.52220317e+18 -1.75037810e+18  2.37e+00 2.18e-01  3.09e-01    10s
  67* -1.43195073e+18 -1.63121846e+18  2.01e+00 1.80e-01  3.43e-01    10s
  68* -1.39720138e+18 -1.56716061e+18  1.76e+00 1.61e-01  3.30e-01    10s
  69* -1.39934006e+18 -1.53759116e+18  1.54e+00 1.41e-01  3.35e-01    10s
  70* -1.45648591e+18 -1.55336389e+18  1.26e+00 1.22e-01  3.07e-01    11s
  71* -1.66561189e+18 -1.63806766e+18  1.20e+00 1.08e-01  2.40e-01    11s
  72* -1.75533403e+18 -6.00281780e+19  1.15e+00 2.16e+01  9.36e+00    11s
  73* -1.28244787e+18 -4.54721507e+19  1.32e+00 2.42e+01  1.34e+01    11s
  74* -5.65168799e+17 -2.68960327e+19  4.16e+00 4.77e+01  6.27e+01    11s
  75* -1.94503086e+17 -1.22895337e+19  4.90e+01 6.62e+02  2.53e+03    11s

Barrier performed 75 iterations in 11.49 seconds (11.54 work units)
Numerical trouble encountered


Gurobi 10.0.1 (linux64) logging started Tue Aug 20 22:02:18 2024

Set parameter LogFile to value "solver_opties.log"
Set parameter Threads to value 4
Set parameter Method to value 2
Set parameter BarHomogeneous to value 1
Gurobi Optimizer version 10.0.1 build v10.0.1rc0 (linux64)

CPU model: 12th Gen Intel(R) Core(TM) i5-1235U, instruction set [SSE2|AVX|AVX2]
Thread count: 12 physical cores, 12 logical processors, using up to 4 threads

Optimize a model with 902285 rows, 473060 columns and 1752004 nonzeros
Model fingerprint: 0x7f754c83
Coefficient statistics:
  Matrix range     [4e-01, 4e+04]
  Objective range  [1e-02, 3e+05]
  Bounds range     [1e-05, 1e+06]
  RHS range        [5e-06, 3e+03]
Presolve removed 761732 rows and 266849 columns
Presolve time: 0.67s
Presolved: 140553 rows, 206211 columns, 635839 nonzeros
Ordering time: 0.02s

Barrier statistics:
 Dense cols : 4
 AA' NZ     : 5.523e+05
 Factor NZ  : 2.469e+06 (roughly 160 MB of memory)
 Factor Ops : 4.910e+07 (less than 1 second per iteration)
 Threads    : 4

                  Objective                Residual
Iter       Primal          Dual         Primal    Dual     Compl     Time
   0   8.58612639e+08 -1.23149829e+10  7.44e+03 1.90e+01  2.01e+06     1s
   1   4.74284452e+08 -1.00500782e+10  1.34e+03 1.40e+03  5.27e+05     1s
   2   4.33610939e+08 -8.42362988e+09  8.20e+02 9.01e+02  3.30e+05     1s
   3   3.43826349e+08 -4.85212534e+09  2.82e+02 1.21e+02  9.57e+04     1s
   4   9.34842181e+07 -5.47388439e+08  2.43e+01 1.40e+01  4.25e+03     1s
   5   1.96202127e+07 -1.16222718e+08  6.80e-01 3.38e+00  5.09e+02     1s
   6  -7.23451804e+07 -1.29672166e+08  4.89e-02 2.32e+00  4.84e+02     1s
   7  -2.47062338e+08 -4.08640144e+09  4.54e-02 2.99e+00  1.10e+04     2s
   8  -1.25704802e+09 -3.19841691e+09  7.97e-03 2.10e+00  8.40e+03     2s
   9* -3.26102673e+11 -4.45703081e+10  1.94e-02 8.47e+00  1.73e+01     2s
  10* -1.11267009e+13 -8.89945915e+12  1.83e-02 1.58e+00  3.69e+00     2s
  11* -1.54985869e+14 -2.27872140e+15  7.61e-04 5.69e-01  1.50e+00     2s
  12* -8.23876785e+13 -6.40604339e+14  4.52e-02 3.12e-01  1.78e-01     2s
  13* -1.47243567e+14 -1.45266362e+15  7.09e-02 4.18e-01  4.07e-01     2s
  14* -1.92767839e+14 -3.83322105e+15  1.28e-01 1.17e+00  4.35e+00     2s
  15* -6.92776429e+14 -6.21009257e+15  2.68e-01 1.85e+00  3.13e+01     3s
  16* -3.73693141e+15 -1.33925803e+16  2.28e-01 1.64e+00  4.69e+01     3s
  17* -2.56074018e+16 -1.33034400e+16  1.07e+00 3.50e-01  3.77e+00     3s
  18* -3.91375574e+17 -6.51055090e+17  2.71e+00 9.48e-02  4.48e-01     3s
  19* -6.15598270e+17 -6.80796782e+17  5.98e-01 1.57e-02  1.03e-01     3s
  20* -3.59490196e+18 -3.15093853e+18  9.41e-02 4.64e-04  8.44e-03     3s
  21* -9.08862334e+18 -7.45695635e+19  2.84e-02 8.21e-04  4.97e-02     3s
  22* -6.29977624e+18 -2.67746080e+19  2.48e-02 4.21e-04  1.78e-02     4s
  23* -3.33144988e+18 -7.15348851e+18  2.36e-02 2.24e-04  8.95e-03     4s
  24* -2.67700505e+18 -5.12831823e+18  2.34e-02 1.99e-04  6.44e-03     4s
  25* -1.17114039e+18 -4.14520344e+18  4.37e-02 3.98e-04  2.31e-02     4s
  26* -6.37495145e+17 -3.32835687e+18  8.13e-02 7.16e-04  6.15e-02     4s
  27* -2.83721941e+17 -2.06161369e+18  3.70e-01 3.23e-03  2.23e-01     4s
  28* -2.50114594e+17 -1.48511745e+18  4.05e-01 5.68e-03  2.87e-01     4s
  29* -2.18836836e+17 -1.17282945e+18  5.58e-01 9.50e-03  4.69e-01     5s
  30* -2.04302720e+17 -8.33607745e+17  7.91e-01 2.06e-02  5.44e-01     5s
  31* -2.02578863e+17 -6.86899259e+17  8.54e-01 3.62e-02  6.18e-01     5s
  32* -2.05632426e+17 -6.14732379e+17  9.97e-01 4.72e-02  7.51e-01     5s
  33* -2.06306752e+17 -5.93483038e+17  9.91e-01 4.80e-02  7.14e-01     5s
  34* -2.08208431e+17 -5.78855165e+17  9.89e-01 4.94e-02  7.43e-01     6s
  35* -2.10602744e+17 -5.64808182e+17  9.83e-01 5.00e-02  8.01e-01     6s
  36* -2.13094232e+17 -5.39868982e+17  9.65e-01 5.43e-02  8.25e-01     6s
  37* -2.16005753e+17 -5.15657386e+17  9.13e-01 5.42e-02  8.31e-01     6s
  38* -2.20218705e+17 -5.06911116e+17  9.27e-01 5.60e-02  9.04e-01     6s
  39* -2.28712942e+17 -4.90212803e+17  8.69e-01 6.41e-02  1.01e+00     6s
  40* -2.39450328e+17 -4.77802348e+17  1.04e+00 6.70e-02  1.09e+00     7s
  41* -2.53498508e+17 -4.67540095e+17  1.23e+00 7.18e-02  1.19e+00     7s
  42* -2.61162084e+17 -4.60709418e+17  1.17e+00 7.22e-02  1.16e+00     7s
  43* -2.67482976e+17 -4.56577172e+17  1.06e+00 7.16e-02  1.14e+00     7s
  44* -2.76492413e+17 -4.53138646e+17  9.77e-01 7.02e-02  1.13e+00     7s
  45* -2.90063250e+17 -4.49875188e+17  9.36e-01 6.75e-02  1.09e+00     8s
  46* -3.06839733e+17 -4.48813627e+17  9.95e-01 6.49e-02  1.06e+00     8s
  47* -3.26520549e+17 -4.50076292e+17  1.09e+00 6.17e-02  1.02e+00     8s
  48* -3.37920180e+17 -4.54117324e+17  1.02e+00 5.95e-02  9.69e-01     8s
  49* -3.48095088e+17 -4.57736896e+17  9.01e-01 5.70e-02  9.28e-01     8s
  50* -3.69376202e+17 -4.63914899e+17  9.45e-01 5.60e-02  8.65e-01     8s
  51* -4.65708999e+17 -5.06443088e+17  1.92e+00 6.22e-02  6.19e-01     9s
  52* -7.33754087e+17 -6.20423515e+17  2.79e+00 4.34e-02  3.06e-01     9s
  53* -7.66475805e+17 -1.04554869e+18  2.71e+00 1.03e-01  5.55e-01     9s
  54* -6.83014637e+17 -8.90572238e+17  2.11e+00 7.32e-02  6.51e-01     9s
  55* -6.82524437e+17 -8.81018361e+17  2.08e+00 6.80e-02  6.33e-01     9s
  56* -6.82421882e+17 -8.66975552e+17  1.94e+00 6.70e-02  6.14e-01    10s
  57* -6.86763031e+17 -8.52448562e+17  1.82e+00 6.29e-02  5.73e-01    10s
  58* -6.93935687e+17 -8.50752775e+17  1.67e+00 6.18e-02  5.66e-01    10s
  59* -7.08975725e+17 -8.49170987e+17  1.49e+00 5.68e-02  5.17e-01    10s
  60* -7.13430786e+17 -8.51446122e+17  1.46e+00 5.51e-02  5.01e-01    10s
  61* -7.37661310e+17 -8.53952159e+17  1.31e+00 5.32e-02  4.82e-01    10s
  62* -7.70401411e+17 -8.65077634e+17  1.14e+00 4.68e-02  4.47e-01    11s
  63* -8.77625951e+17 -9.06276425e+17  1.30e+00 3.84e-02  3.56e-01    11s
  64* -1.67855940e+18 -1.33990221e+18  2.52e+00 1.15e-01  1.34e-01    11s
  65* -1.71064154e+18 -2.20804097e+18  2.51e+00 2.74e-01  2.93e-01    11s
  66* -1.52220317e+18 -1.75037810e+18  2.37e+00 2.18e-01  3.09e-01    11s
  67* -1.43195073e+18 -1.63121846e+18  2.01e+00 1.80e-01  3.43e-01    12s
  68* -1.39720138e+18 -1.56716061e+18  1.76e+00 1.61e-01  3.30e-01    12s
  69* -1.39934006e+18 -1.53759116e+18  1.54e+00 1.41e-01  3.35e-01    12s
  70* -1.45648591e+18 -1.55336389e+18  1.26e+00 1.22e-01  3.07e-01    12s
  71* -1.66561189e+18 -1.63806766e+18  1.20e+00 1.08e-01  2.40e-01    12s
  72* -1.75533403e+18 -6.00281780e+19  1.15e+00 2.16e+01  9.36e+00    13s
  73* -1.28244787e+18 -4.54721507e+19  1.32e+00 2.42e+01  1.34e+01    13s
  74* -5.65168799e+17 -2.68960327e+19  4.16e+00 4.77e+01  6.27e+01    13s
  75* -1.94503086e+17 -1.22895337e+19  4.90e+01 6.62e+02  2.53e+03    13s

Barrier performed 75 iterations in 13.43 seconds (11.54 work units)
Numerical trouble encountered


Gurobi 10.0.1 (linux64) logging started Tue Aug 20 22:04:56 2024

Set parameter LogFile to value "solver_opties.log"
Set parameter Threads to value 4
Set parameter Method to value 2
Set parameter BarHomogeneous to value 1
Gurobi Optimizer version 10.0.1 build v10.0.1rc0 (linux64)

CPU model: 12th Gen Intel(R) Core(TM) i5-1235U, instruction set [SSE2|AVX|AVX2]
Thread count: 12 physical cores, 12 logical processors, using up to 4 threads

Optimize a model with 902282 rows, 473054 columns and 1699438 nonzeros
Model fingerprint: 0x3afabfb6
Coefficient statistics:
  Matrix range     [4e-01, 4e+04]
  Objective range  [1e-02, 8e+04]
  Bounds range     [1e-05, 1e+06]
  RHS range        [5e-06, 3e+03]
Presolve removed 779249 rows and 266845 columns
Presolve time: 0.64s
Presolved: 123033 rows, 206209 columns, 600799 nonzeros
Ordering time: 0.02s

Barrier statistics:
 Dense cols : 2
 AA' NZ     : 4.559e+05
 Factor NZ  : 2.143e+06 (roughly 150 MB of memory)
 Factor Ops : 4.159e+07 (less than 1 second per iteration)
 Threads    : 4

                  Objective                Residual
Iter       Primal          Dual         Primal    Dual     Compl     Time
   0   7.31561179e+08 -4.11988348e+09  7.44e+03 1.70e+01  6.26e+05     1s
   1   2.42946242e+08 -3.19571475e+09  1.50e+03 4.24e+02  1.61e+05     1s
   2   1.55357484e+08 -2.06037738e+09  5.93e+02 5.09e+01  5.10e+04     1s
   3   5.12104068e+06 -7.92274567e+08  3.21e+01 4.00e+00  4.31e+03     1s
   4  -6.75764632e+08 -5.34975042e+08  5.86e+00 2.18e+00  1.96e+03     1s
   5* -6.00824421e+10 -6.37554936e+11  2.46e+00 1.49e+01  6.90e+01     1s
   6* -6.95163343e+10 -3.13077030e+11  1.84e+00 4.89e+00  3.03e+01     1s
   7* -6.00583628e+12 -1.97716996e+14  4.41e-03 2.07e+01  1.22e+02     1s
   8* -4.90295190e+12 -6.04111040e+13  6.32e-01 7.50e+00  4.26e+01     1s
   9* -4.03245342e+12 -1.49015937e+13  1.08e+00 1.99e+00  1.14e+01     2s
  10* -1.08144914e+13 -1.14904027e+13  8.11e-02 2.14e-01  6.74e-01     2s
  11* -1.08249906e+13 -1.15032763e+13  9.35e-02 2.14e-01  6.73e-01     2s
  12* -1.08648937e+13 -1.15446540e+13  1.10e-01 2.13e-01  6.72e-01     2s
  13* -1.08662933e+13 -1.15463042e+13  1.11e-01 1.98e-01  6.72e-01     2s
  14* -1.08731395e+13 -1.15544452e+13  1.19e-01 1.98e-01  6.72e-01     2s
  15* -1.08752882e+13 -1.15565189e+13  1.19e-01 1.98e-01  6.72e-01     2s
  16* -1.08946632e+13 -1.15750595e+13  1.20e-01 1.98e-01  6.71e-01     3s
  17* -1.08954423e+13 -1.15758157e+13  1.21e-01 1.98e-01  6.71e-01     3s
  18* -1.08964829e+13 -1.15770776e+13  1.21e-01 1.98e-01  6.71e-01     3s
  19* -1.09025255e+13 -1.15842413e+13  1.21e-01 1.97e-01  6.71e-01     3s
  20* -1.09341842e+13 -1.16151648e+13  1.26e-01 1.97e-01  6.70e-01     3s
  21* -1.09369424e+13 -1.16178133e+13  1.26e-01 1.97e-01  6.70e-01     3s
  22* -1.09856779e+13 -1.16646814e+13  1.31e-01 1.96e-01  6.69e-01     3s
  23* -1.09957233e+13 -1.16750980e+13  1.32e-01 1.96e-01  6.69e-01     4s
  24* -1.10158083e+13 -1.16968919e+13  1.34e-01 1.96e-01  6.68e-01     4s
  25* -1.10159841e+13 -1.16970547e+13  1.34e-01 1.96e-01  6.68e-01     4s
  26* -1.10499791e+13 -1.17303424e+13  2.04e-01 1.95e-01  6.67e-01     4s
  27* -1.10754996e+13 -1.17554482e+13  2.05e-01 1.95e-01  6.66e-01     4s
  28* -1.10839201e+13 -1.17641621e+13  2.06e-01 1.95e-01  6.66e-01     4s
  29* -1.11210331e+13 -1.18070480e+13  2.18e-01 1.94e-01  6.66e-01     5s
  30* -1.11265622e+13 -1.18122553e+13  2.19e-01 1.94e-01  6.65e-01     5s

Barrier performed 30 iterations in 4.67 seconds (5.40 work units)
Sub-optimal termination - objective -1.11265622e+13


Gurobi 10.0.1 (linux64) logging started Tue Aug 20 22:26:14 2024

Set parameter LogFile to value "solver_opties.log"
Set parameter Threads to value 4
Set parameter Method to value 2
Set parameter BarHomogeneous to value 1
Gurobi Optimizer version 10.0.1 build v10.0.1rc0 (linux64)

CPU model: 12th Gen Intel(R) Core(TM) i5-1235U, instruction set [SSE2|AVX|AVX2]
Thread count: 12 physical cores, 12 logical processors, using up to 4 threads

Optimize a model with 919802 rows, 481815 columns and 1743238 nonzeros
Model fingerprint: 0xea8d4fed
Coefficient statistics:
  Matrix range     [4e-01, 4e+04]
  Objective range  [1e-02, 8e+04]
  Bounds range     [1e-05, 1e+06]
  RHS range        [5e-06, 3e+03]
Presolve removed 788015 rows and 266851 columns
Presolve time: 0.65s
Presolved: 131787 rows, 214964 columns, 635827 nonzeros
Ordering time: 0.02s

Barrier statistics:
 Dense cols : 3
 AA' NZ     : 4.822e+05
 Factor NZ  : 2.173e+06 (roughly 160 MB of memory)
 Factor Ops : 4.446e+07 (less than 1 second per iteration)
 Threads    : 4

                  Objective                Residual
Iter       Primal          Dual         Primal    Dual     Compl     Time
   0   7.37071764e+08 -4.12226764e+09  7.44e+03 1.66e+01  6.27e+05     1s
   1   2.54842760e+08 -3.19080393e+09  1.51e+03 4.20e+02  1.63e+05     1s
   2   1.65946234e+08 -2.05599583e+09  5.62e+02 4.77e+01  4.82e+04     1s
   3   1.53318296e+07 -7.71031088e+08  3.03e+01 3.53e+00  4.05e+03     1s
   4  -6.90163770e+08 -6.31577692e+08  6.90e+00 2.21e+00  2.36e+03     1s
   5* -7.98553830e+10 -8.51186657e+11  2.31e+00 7.25e+00  5.87e+01     1s
   6* -4.79094405e+11 -7.98275227e+11  5.73e-02 2.86e+00  1.70e+01     1s
   7* -8.31782299e+14 -1.45804474e+16  1.70e-03 4.44e-01  2.95e+00     1s
   8* -6.20594748e+14 -8.57273663e+15  1.08e-02 3.43e-01  2.26e+00     1s
   9* -4.13136275e+14 -2.61223393e+15  2.10e-02 1.49e-01  9.40e-01     1s
  10* -5.23678319e+13 -7.98867946e+14  2.46e-01 4.82e-01  4.05e+00     2s
  11* -2.38185033e+13 -3.72701264e+14  6.69e-01 6.04e-01  5.57e+00     2s
  12* -1.87582122e+13 -2.64173728e+14  1.01e+00 6.42e-01  6.06e+00     2s
  13* -1.65278414e+13 -2.04450356e+14  1.55e+00 7.46e-01  7.85e+00     2s
  14* -1.74621381e+13 -2.45829466e+14  2.56e+00 1.31e+00  2.82e+01     2s
  15* -4.49436912e+13 -1.89785650e+14  2.78e+00 9.89e-01  4.08e+01     2s
  16* -2.03345856e+14 -3.82364213e+14  1.63e+00 5.93e-01  2.17e+01     2s
  17* -5.57917133e+15 -6.50581103e+15  4.08e+00 3.93e-02  8.33e-01     2s
  18* -7.40654873e+16 -7.66101127e+16  7.44e+00 3.07e-03  5.59e-02     2s
  19* -1.14615836e+18 -1.45535465e+18  7.41e-01 1.49e-04  4.07e-03     2s
  20* -9.99586524e+17 -9.34920840e+17  2.94e-01 7.56e-05  8.07e-04     3s
  21* -2.92850893e+18 -6.94764855e+19  1.56e-01 1.12e-03  1.08e-02     3s
  22* -1.64298637e+18 -5.39356759e+19  1.55e-01 1.61e-03  2.21e-02     3s
  23* -9.08502155e+17 -3.53228505e+19  1.55e-01 2.33e-03  3.80e-02     3s
  24* -2.87238647e+17 -2.17163921e+19  2.43e-01 1.20e-02  4.39e-01     3s
  25* -1.74521551e+17 -1.68361738e+19  1.03e+00 9.82e-02  8.17e+00     3s
  26* -1.52649507e+17 -1.03558496e+19  8.01e+00 4.03e+00  2.36e+02     3s
  27* -1.49720724e+17 -5.57424608e+18  7.20e+01 1.76e+02  1.13e+04     3s
  28* -1.51344770e+17 -4.24790332e+18  1.36e+03 6.38e+03  2.63e+06     3s
  29  -1.52742008e+17 -3.74367182e+18  6.77e+03 4.90e+04  6.25e+10     3s
  30  -1.53645387e+17 -3.21084581e+18  6.77e+03 4.32e+04  5.19e+10     4s
  31  -1.54032799e+17 -2.89429069e+18  5.82e+03 3.75e+04  4.48e+10     4s
  32  -1.63470218e+17 -2.65668099e+18  7.50e+03 3.48e+04  3.94e+10     4s
  33  -1.58601535e+17 -2.38239010e+18  6.13e+03 3.20e+04  3.50e+10     4s
  34  -1.58268675e+17 -2.20200272e+18  5.03e+03 3.02e+04  3.09e+10     4s
  35  -1.59020224e+17 -2.05601749e+18  7.61e+03 2.82e+04  2.76e+10     4s
  36  -1.64915437e+17 -1.92477459e+18  4.70e+03 2.66e+04  2.47e+10     5s
  37  -1.69041267e+17 -1.83763966e+18  3.64e+03 2.52e+04  2.25e+10     5s
  38  -1.66194046e+17 -1.68348619e+18  3.74e+03 2.31e+04  1.98e+10     5s
  39  -1.64988196e+17 -1.58949333e+18  3.54e+03 2.18e+04  1.81e+10     5s
  40  -1.69806029e+17 -1.50927112e+18  3.21e+03 2.08e+04  1.62e+10     6s
  41  -1.68652276e+17 -1.37576998e+18  3.11e+03 1.91e+04  1.39e+10     6s
  42  -1.74014584e+17 -1.30543226e+18  2.54e+03 1.79e+04  1.27e+10     6s
  43  -1.72511251e+17 -1.19191276e+18  3.17e+03 1.55e+04  1.10e+10     7s
  44  -1.97035440e+17 -1.07713824e+18  2.91e+03 1.38e+04  9.09e+09     7s
  45  -1.93754908e+17 -9.69600171e+17  2.72e+03 1.21e+04  7.44e+09     7s
  46  -1.91822841e+17 -8.62620136e+17  2.42e+03 1.04e+04  6.02e+09     7s
  47  -2.06858944e+17 -8.42491358e+17  2.18e+03 1.00e+04  5.73e+09     8s
  48  -2.68885508e+17 -7.94715825e+17  2.60e+03 8.98e+03  5.09e+09     8s
  49  -2.81420550e+17 -7.56979797e+17  2.18e+03 8.24e+03  4.42e+09     8s
  50  -2.85472576e+17 -7.45340822e+17  2.04e+03 8.01e+03  4.23e+09     8s
  51  -2.92231792e+17 -7.23667999e+17  1.86e+03 7.55e+03  3.87e+09     9s

Barrier performed 51 iterations in 8.63 seconds (9.74 work units)
Numerical trouble encountered


Gurobi 10.0.1 (linux64) logging started Tue Aug 20 22:32:01 2024

Set parameter LogFile to value "solver_opties.log"
Set parameter Threads to value 4
Set parameter Method to value 2
Set parameter BarHomogeneous to value 1
Gurobi Optimizer version 10.0.1 build v10.0.1rc0 (linux64)

CPU model: 12th Gen Intel(R) Core(TM) i5-1235U, instruction set [SSE2|AVX|AVX2]
Thread count: 12 physical cores, 12 logical processors, using up to 4 threads

Optimize a model with 902282 rows, 473054 columns and 1699438 nonzeros
Model fingerprint: 0x7ec2605e
Coefficient statistics:
  Matrix range     [4e-01, 4e+04]
  Objective range  [1e-02, 8e+04]
  Bounds range     [1e-05, 1e+06]
  RHS range        [5e-06, 3e+03]
Presolve removed 770489 rows and 266844 columns
Presolve time: 0.61s
Presolved: 131793 rows, 206210 columns, 618319 nonzeros
Ordering time: 0.01s

Barrier statistics:
 Dense cols : 3
 AA' NZ     : 4.822e+05
 Factor NZ  : 2.464e+06 (roughly 160 MB of memory)
 Factor Ops : 4.962e+07 (less than 1 second per iteration)
 Threads    : 4

                  Objective                Residual
Iter       Primal          Dual         Primal    Dual     Compl     Time
   0   6.01493530e+08 -4.14888195e+09  7.44e+03 1.65e+01  6.30e+05     1s
   1   1.79610889e+08 -3.21431015e+09  1.52e+03 4.26e+02  1.64e+05     1s
   2   1.05594305e+08 -2.07338317e+09  5.38e+02 5.25e+01  4.78e+04     1s
   3   8.26338051e+06 -7.95655744e+08  3.07e+01 4.00e+00  4.25e+03     1s
   4  -4.13074483e+08 -5.31120542e+08  3.10e+00 2.16e+00  1.72e+03     1s
   5* -5.41774699e+10 -4.85907417e+12  1.89e+00 4.27e+01  7.46e+02     1s
   6* -6.57785988e+10 -1.20791982e+12  5.02e-01 1.09e+01  1.85e+02     1s
   7* -1.33981377e+12 -1.43031722e+12  2.37e-01 3.68e+00  4.68e+01     1s
   8* -3.01525751e+14 -2.14271353e+15  2.51e-03 2.16e-02  1.36e+00     1s
   9* -1.20420016e+15 -3.26097238e+15  4.94e-02 1.40e-02  9.92e-01     2s
  10* -1.24977419e+16 -1.70456835e+16  1.22e-01 3.18e-03  2.68e-01     2s
  11* -1.37154617e+17 -4.54820147e+16  1.66e-01 3.63e-04  1.69e-02     2s
  12* -1.85286916e+18 -1.67811658e+17  8.97e-02 2.66e-05  1.91e-04     2s
  13* -1.02332419e+18 -4.59871265e+17  6.57e-02 1.53e-05  1.18e-03     2s
  14* -1.89902059e+18 -4.55762350e+18  1.53e-02 9.75e-06  3.76e-03     2s
  15* -2.45167147e+18 -4.52359910e+18  8.71e-03 5.93e-06  2.16e-03     2s
  16* -6.04899079e+18 -9.55623586e+18  2.39e-03 2.22e-06  6.40e-04     2s
  17* -1.53091955e+19 -2.60701534e+19  1.00e-03 1.80e-06  2.16e-04     2s
  18* -2.91080762e+19 -3.98809552e+19  3.68e-04 4.95e-07  5.94e-05     2s
  19* -5.72518443e+19 -7.33911391e+19  2.43e-04 1.56e-06  1.34e-05     3s
  20* -4.93803135e+19 -5.24258419e+19  1.21e-04 4.47e-06  2.37e-06     3s

Barrier performed 20 iterations in 2.66 seconds (3.60 work units)
Unbounded model


Gurobi 10.0.1 (linux64) logging started Tue Aug 20 22:34:26 2024

Set parameter LogFile to value "solver_opties.log"
Set parameter Threads to value 4
Set parameter Method to value 2
Set parameter BarHomogeneous to value 1
Gurobi Optimizer version 10.0.1 build v10.0.1rc0 (linux64)

CPU model: 12th Gen Intel(R) Core(TM) i5-1235U, instruction set [SSE2|AVX|AVX2]
Thread count: 12 physical cores, 12 logical processors, using up to 4 threads

Optimize a model with 902282 rows, 473054 columns and 1699438 nonzeros
Model fingerprint: 0x556d4e7a
Coefficient statistics:
  Matrix range     [4e-01, 4e+04]
  Objective range  [1e-02, 1e+06]
  Bounds range     [1e-05, 1e+06]
  RHS range        [5e-06, 3e+03]
Presolve removed 770489 rows and 266844 columns
Presolve time: 0.61s
Presolved: 131793 rows, 206210 columns, 618319 nonzeros
Ordering time: 0.01s

Barrier statistics:
 Dense cols : 3
 AA' NZ     : 4.822e+05
 Factor NZ  : 2.464e+06 (roughly 160 MB of memory)
 Factor Ops : 4.962e+07 (less than 1 second per iteration)
 Threads    : 4

                  Objective                Residual
Iter       Primal          Dual         Primal    Dual     Compl     Time
   0   8.72470431e+08 -4.14775218e+09  7.44e+03 1.86e+01  6.30e+05     1s
   1   2.65271353e+08 -3.21319856e+09  1.52e+03 4.27e+02  1.64e+05     1s
   2   1.53084159e+08 -2.07081484e+09  5.33e+02 5.24e+01  4.75e+04     1s
   3   1.32014172e+07 -7.89233094e+08  3.05e+01 3.96e+00  4.22e+03     1s
   4  -4.18485825e+08 -5.34843499e+08  3.69e+00 2.15e+00  1.78e+03     1s
   5* -4.44004076e+10 -2.29134361e+11  2.59e+00 9.68e+00  5.33e+01     1s
   6* -7.10907590e+11 -1.48022308e+12  4.26e-02 2.62e+00  1.80e+01     1s
   7* -7.62708893e+12 -5.45423254e+13  1.33e-02 9.81e-01  1.61e+01     1s
   8* -1.43068985e+13 -3.14195023e+13  7.90e-02 2.79e-01  4.46e+00     1s
   9* -1.41090345e+14 -4.60491761e+14  2.29e-02 4.16e-02  1.96e+00     2s
  10* -1.79609283e+15 -1.36886997e+15  1.86e-01 9.89e-03  3.20e-01     2s
  11* -2.19455836e+15 -2.21824402e+18  1.52e-01 2.54e-01  2.65e+02     2s
  12* -1.74993855e+15 -1.96906024e+18  1.05e-01 2.60e-01  3.23e+02     2s
  13* -1.09419616e+15 -1.11556854e+18  8.97e-02 2.43e-01  3.60e+02     2s
  14* -5.93236683e+14 -4.80204644e+17  1.29e-01 2.14e-01  2.39e+02     2s
  15* -3.31308932e+14 -2.47104629e+17  2.71e-01 2.32e-01  2.56e+02     2s
  16* -2.71645321e+14 -2.21804760e+17  3.87e-01 2.90e-01  3.86e+02     2s
  17* -2.31426508e+14 -1.81044170e+17  5.27e-01 3.17e-01  4.88e+02     2s
  18* -2.18560900e+14 -1.66605302e+17  6.07e-01 3.34e-01  5.41e+02     2s
  19* -2.14913400e+14 -1.52116714e+17  6.38e-01 3.19e-01  5.09e+02     3s
  20* -2.11534911e+14 -1.40770714e+17  6.81e-01 3.14e-01  5.06e+02     3s
  21* -2.16519550e+14 -1.26689083e+17  8.49e-01 3.51e-01  6.56e+02     3s
  22* -2.16843099e+14 -1.13413779e+17  1.01e+00 3.72e-01  7.43e+02     3s
  23* -2.28134105e+14 -1.01414750e+17  1.23e+00 4.02e-01  8.79e+02     3s
  24* -2.58653630e+14 -9.11641913e+16  1.49e+00 4.38e-01  1.05e+03     3s
  25* -3.61307448e+14 -7.75245173e+16  2.01e+00 5.01e-01  1.39e+03     3s
  26* -9.42774819e+14 -6.75027003e+16  3.07e+00 6.64e-01  2.53e+03     3s
  27* -4.83551399e+15 -8.53045824e+16  4.82e+00 1.10e+00  1.09e+04     4s
  28* -1.81465066e+16 -7.94890341e+16  6.64e+00 1.07e+00  1.79e+04     4s
  29* -6.59766670e+16 -1.01144083e+17  1.45e+02 5.28e-01  1.21e+04     4s
  30* -3.56135485e+17 -4.29982156e+17  2.10e+02 8.65e-02  9.03e+02     4s
  31* -7.53128380e+17 -8.82336960e+17  5.33e+01 6.15e-02  1.36e+02     4s
  32* -8.82198018e+17 -9.53527415e+17  3.02e+01 4.98e-02  6.30e+01     4s
  33* -1.36080045e+18 -1.62124660e+18  1.99e+01 2.06e-01  2.58e+01     4s
  34* -1.19389594e+18 -1.29781689e+18  1.59e+01 1.77e-01  1.93e+01     4s
  35* -1.32906316e+18 -1.36696137e+18  1.29e+01 1.08e-01  9.54e+00     4s
  36* -2.84756926e+18 -2.97257653e+18  1.63e+01 8.41e-01  3.50e+00     4s
  37* -3.17849493e+18 -3.18580351e+18  8.89e+00 4.70e-01  1.91e+00     5s
  38* -1.91923319e+19 -6.07062578e+19  1.04e+01 1.06e+01  8.82e-01     5s
  39* -1.34906509e+19 -3.14053175e+19  1.03e+01 1.53e+01  1.96e+00     5s
  40* -4.81728605e+18 -1.30020154e+19  1.09e+01 3.74e+01  7.00e+00     5s
  41* -2.64637090e+18 -8.24369574e+18  1.20e+01 5.92e+01  1.11e+01     5s
  42* -1.64120994e+18 -6.07215078e+18  1.42e+01 9.15e+01  1.76e+01     5s
  43* -1.09851005e+18 -4.98069049e+18  1.85e+01 1.32e+02  2.99e+01     5s
  44* -7.45143663e+17 -4.20917083e+18  2.58e+01 2.12e+02  6.33e+01     5s
  45* -5.98405766e+17 -3.53425139e+18  3.27e+01 3.28e+02  7.94e+01     5s
  46* -5.06873707e+17 -2.90105258e+18  3.92e+01 5.42e+02  9.91e+01     5s
  47* -4.14380341e+17 -2.39326528e+18  5.01e+01 8.13e+02  1.22e+02     6s
  48* -3.71851037e+17 -2.10048116e+18  5.43e+01 8.91e+02  1.46e+02     6s
  49* -2.88171420e+17 -1.89672732e+18  1.22e+02 1.49e+03  3.39e+02     6s
  50* -2.53910606e+17 -1.71684888e+18  1.52e+02 2.25e+03  5.18e+02     6s
  51* -2.35428420e+17 -1.56395817e+18  1.72e+02 3.07e+03  7.06e+02     6s

Barrier performed 51 iterations in 6.04 seconds (7.30 work units)
Numerical trouble encountered


Gurobi 10.0.1 (linux64) logging started Tue Aug 20 22:37:03 2024

Set parameter LogFile to value "solver_opties.log"
Set parameter Threads to value 4
Set parameter Method to value 2
Set parameter BarHomogeneous to value 1
Gurobi Optimizer version 10.0.1 build v10.0.1rc0 (linux64)

CPU model: 12th Gen Intel(R) Core(TM) i5-1235U, instruction set [SSE2|AVX|AVX2]
Thread count: 12 physical cores, 12 logical processors, using up to 4 threads

Optimize a model with 902282 rows, 473054 columns and 1699438 nonzeros
Model fingerprint: 0x05e7d438
Coefficient statistics:
  Matrix range     [4e-01, 4e+04]
  Objective range  [1e-02, 3e+06]
  Bounds range     [1e-05, 1e+06]
  RHS range        [5e-06, 3e+03]
Presolve removed 770489 rows and 266844 columns
Presolve time: 0.63s
Presolved: 131793 rows, 206210 columns, 618319 nonzeros
Ordering time: 0.01s

Barrier statistics:
 Dense cols : 3
 AA' NZ     : 4.822e+05
 Factor NZ  : 2.464e+06 (roughly 160 MB of memory)
 Factor Ops : 4.962e+07 (less than 1 second per iteration)
 Threads    : 4

                  Objective                Residual
Iter       Primal          Dual         Primal    Dual     Compl     Time
   0   9.57698109e+08 -1.49666198e+10  7.44e+03 1.85e+01  2.27e+06     1s
   1   4.46116629e+08 -1.16205873e+10  1.51e+03 1.53e+03  5.90e+05     1s
   2   3.53316836e+08 -7.54613542e+09  5.71e+02 1.94e+02  1.79e+05     1s
   3   1.46419609e+08 -2.98318129e+09  3.36e+01 1.29e+01  1.62e+04     1s
   4  -1.50962922e+07 -5.29916559e+08  2.92e+00 2.24e+00  1.80e+03     1s
   5  -9.92483208e+08 -3.16986110e+09  1.64e+00 4.73e+00  1.24e+04     1s
   6  -8.99115628e+09 -6.68730573e+09  1.31e-01 2.18e+00  1.84e+04     1s
   7* -1.83955157e+13 -5.62904242e+12  3.15e-03 1.30e-01  2.15e-01     1s
   8* -3.20240238e+13 -3.15196631e+13  3.17e-03 1.99e-02  3.80e-02     1s
   9* -2.11347614e+14 -1.85637491e+15  6.30e-03 2.95e-03  4.81e-02     2s
  10* -4.79138790e+15 -6.85746694e+15  2.32e-02 1.01e-03  1.41e-02     2s
  11* -1.20531209e+16 -8.64113608e+17  2.35e-02 6.74e-04  3.37e-01     2s
  12* -5.36902914e+16 -5.56145251e+17  1.50e-02 7.17e-04  4.78e-01     2s
  13* -2.27850776e+17 -3.13832975e+17  1.43e-01 4.24e-04  2.07e-01     2s
  14* -8.56016937e+17 -9.49371764e+17  1.91e-01 1.16e-04  2.43e-02     2s
  15* -2.34295529e+18 -2.60810555e+18  6.86e-02 4.25e-05  2.34e-03     2s
  16* -2.34520235e+18 -2.41055688e+18  2.35e-02 4.46e-05  7.54e-04     2s
  17* -4.95756876e+18 -5.85501588e+18  2.05e-02 8.27e-05  2.16e-04     2s
  18* -2.63957585e+18 -3.42360233e+18  1.84e-02 2.66e-04  6.38e-04     3s
  19* -9.38734177e+17 -1.79092165e+18  4.70e-02 1.26e-03  3.13e-03     3s
  20* -8.07685633e+17 -1.62064861e+18  4.81e-02 1.54e-03  4.52e-03     3s
  21* -7.64990534e+17 -1.51612276e+18  4.69e-02 1.75e-03  4.68e-03     3s
  22* -5.20440032e+17 -1.20881995e+18  7.87e-02 3.51e-03  8.35e-03     3s
  23* -4.29192863e+17 -9.84938342e+17  9.79e-02 6.18e-03  1.04e-02     3s
  24* -4.45609230e+17 -9.35448125e+17  9.66e-02 6.31e-03  1.05e-02     3s
  25* -4.14282263e+17 -8.60421222e+17  1.04e-01 8.00e-03  1.14e-02     3s
  26* -3.96737446e+17 -7.96786958e+17  1.08e-01 9.40e-03  1.14e-02     4s
  27* -3.91062312e+17 -7.38191207e+17  1.08e-01 8.91e-03  9.92e-03     4s
  28* -3.82873326e+17 -6.95535461e+17  1.11e-01 1.00e-02  9.56e-03     4s
  29* -3.92206685e+17 -6.81159083e+17  1.10e-01 9.84e-03  9.60e-03     4s
  30* -3.86448422e+17 -6.39681749e+17  1.17e-01 1.12e-02  9.15e-03     4s
  31* -3.86629603e+17 -6.14463307e+17  1.17e-01 1.08e-02  8.48e-03     4s
  32* -3.87257419e+17 -6.02953429e+17  1.16e-01 1.07e-02  7.89e-03     4s
  33* -3.95517293e+17 -5.89243013e+17  1.34e-01 1.11e-02  7.77e-03     4s
  34* -4.06210312e+17 -5.80456289e+17  1.40e-01 1.08e-02  8.35e-03     5s
  35* -4.23686351e+17 -5.74044864e+17  1.46e-01 1.01e-02  7.92e-03     5s
  36* -4.32608632e+17 -5.74328618e+17  1.42e-01 9.19e-03  7.65e-03     5s
  37* -4.36702973e+17 -5.73667791e+17  1.40e-01 9.14e-03  7.75e-03     5s
  38* -4.48539873e+17 -5.75947754e+17  1.36e-01 8.53e-03  7.42e-03     5s
  39* -4.98677171e+17 -5.84060898e+17  1.64e-01 7.68e-03  6.67e-03     5s
  40* -5.55458195e+17 -6.10688588e+17  1.67e-01 7.22e-03  6.06e-03     5s
  41* -6.61159070e+17 -6.54793094e+17  1.84e-01 8.53e-03  4.91e-03     5s
  42* -1.27322747e+18 -4.02200819e+18  2.70e-01 2.63e-01  9.88e-03     6s
  43* -7.31162112e+17 -3.13119567e+18  2.96e-01 2.89e-01  3.31e-02     6s
  44* -5.70177975e+17 -2.58247109e+18  3.18e-01 3.19e-01  5.57e-02     6s
  45* -5.00980478e+17 -2.39832267e+18  3.31e-01 3.55e-01  7.05e-02     6s
  46* -4.47916518e+17 -2.25758436e+18  3.48e-01 4.00e-01  9.02e-02     6s
  47* -4.38077039e+17 -2.02272402e+18  3.50e-01 3.56e-01  9.29e-02     6s
  48* -3.65409864e+17 -1.83706658e+18  4.47e-01 4.56e-01  1.79e-01     6s
  49* -3.30972465e+17 -1.70334081e+18  5.30e-01 5.17e-01  2.61e-01     6s
  50* -3.16399187e+17 -1.59165659e+18  5.49e-01 5.41e-01  2.76e-01     6s
  51* -3.09960678e+17 -1.50119955e+18  5.54e-01 5.46e-01  2.74e-01     7s
  52* -2.95352888e+17 -1.42322088e+18  5.83e-01 5.57e-01  3.25e-01     7s
  53* -2.90448821e+17 -1.36079782e+18  5.95e-01 5.45e-01  3.20e-01     7s
  54* -2.86775364e+17 -1.29559403e+18  6.03e-01 5.25e-01  3.12e-01     7s
  55* -2.82177623e+17 -1.25044047e+18  6.25e-01 5.19e-01  3.21e-01     7s
  56* -2.76921090e+17 -1.22233472e+18  6.44e-01 5.33e-01  3.42e-01     7s
  57* -2.75812197e+17 -1.18620561e+18  6.42e-01 5.35e-01  3.29e-01     7s

Barrier performed 57 iterations in 7.26 seconds (8.58 work units)
Numerical trouble encountered


Gurobi 10.0.1 (linux64) logging started Tue Aug 20 22:38:24 2024

Set parameter LogFile to value "solver_opties.log"
Set parameter Threads to value 4
Set parameter Method to value 2
Set parameter BarHomogeneous to value 1
Gurobi Optimizer version 10.0.1 build v10.0.1rc0 (linux64)

CPU model: 12th Gen Intel(R) Core(TM) i5-1235U, instruction set [SSE2|AVX|AVX2]
Thread count: 12 physical cores, 12 logical processors, using up to 4 threads

Optimize a model with 902282 rows, 473054 columns and 1699438 nonzeros
Model fingerprint: 0x3afabfb6
Coefficient statistics:
  Matrix range     [4e-01, 4e+04]
  Objective range  [1e-02, 8e+04]
  Bounds range     [1e-05, 1e+06]
  RHS range        [5e-06, 3e+03]
Presolve removed 779249 rows and 266845 columns
Presolve time: 0.62s
Presolved: 123033 rows, 206209 columns, 600799 nonzeros
Ordering time: 0.01s

Barrier statistics:
 Dense cols : 2
 AA' NZ     : 4.559e+05
 Factor NZ  : 2.143e+06 (roughly 150 MB of memory)
 Factor Ops : 4.159e+07 (less than 1 second per iteration)
 Threads    : 4

                  Objective                Residual
Iter       Primal          Dual         Primal    Dual     Compl     Time
   0   7.31561179e+08 -4.11988348e+09  7.44e+03 1.70e+01  6.26e+05     1s
   1   2.42946242e+08 -3.19571475e+09  1.50e+03 4.24e+02  1.61e+05     1s
   2   1.55357484e+08 -2.06037738e+09  5.93e+02 5.09e+01  5.10e+04     1s
   3   5.12104068e+06 -7.92274567e+08  3.21e+01 4.00e+00  4.31e+03     1s
   4  -6.75764632e+08 -5.34975042e+08  5.86e+00 2.18e+00  1.96e+03     1s
   5* -6.00824421e+10 -6.37554936e+11  2.46e+00 1.49e+01  6.90e+01     1s
   6* -6.95163343e+10 -3.13077030e+11  1.84e+00 4.89e+00  3.03e+01     1s
   7* -6.00583628e+12 -1.97716996e+14  4.41e-03 2.07e+01  1.22e+02     1s
   8* -4.90295190e+12 -6.04111040e+13  6.32e-01 7.50e+00  4.26e+01     2s
   9* -4.03245342e+12 -1.49015937e+13  1.08e+00 1.99e+00  1.14e+01     2s
  10* -1.08144914e+13 -1.14904027e+13  8.11e-02 2.14e-01  6.74e-01     2s
  11* -1.08249906e+13 -1.15032763e+13  9.35e-02 2.14e-01  6.73e-01     2s
  12* -1.08648937e+13 -1.15446540e+13  1.10e-01 2.13e-01  6.72e-01     2s
  13* -1.08662933e+13 -1.15463042e+13  1.11e-01 1.98e-01  6.72e-01     2s
  14* -1.08731395e+13 -1.15544452e+13  1.19e-01 1.98e-01  6.72e-01     2s
  15* -1.08752882e+13 -1.15565189e+13  1.19e-01 1.98e-01  6.72e-01     2s
  16* -1.08946632e+13 -1.15750595e+13  1.20e-01 1.98e-01  6.71e-01     3s
  17* -1.08954423e+13 -1.15758157e+13  1.21e-01 1.98e-01  6.71e-01     3s
  18* -1.08964829e+13 -1.15770776e+13  1.21e-01 1.98e-01  6.71e-01     3s
  19* -1.09025255e+13 -1.15842413e+13  1.21e-01 1.97e-01  6.71e-01     3s
  20* -1.09341842e+13 -1.16151648e+13  1.26e-01 1.97e-01  6.70e-01     3s
  21* -1.09369424e+13 -1.16178133e+13  1.26e-01 1.97e-01  6.70e-01     3s
  22* -1.09856779e+13 -1.16646814e+13  1.31e-01 1.96e-01  6.69e-01     4s
  23* -1.09957233e+13 -1.16750980e+13  1.32e-01 1.96e-01  6.69e-01     4s
  24* -1.10158083e+13 -1.16968919e+13  1.34e-01 1.96e-01  6.68e-01     4s
  25* -1.10159841e+13 -1.16970547e+13  1.34e-01 1.96e-01  6.68e-01     4s
  26* -1.10499791e+13 -1.17303424e+13  2.04e-01 1.95e-01  6.67e-01     4s
  27* -1.10754996e+13 -1.17554482e+13  2.05e-01 1.95e-01  6.66e-01     4s
  28* -1.10839201e+13 -1.17641621e+13  2.06e-01 1.95e-01  6.66e-01     4s
  29* -1.11210331e+13 -1.18070480e+13  2.18e-01 1.94e-01  6.66e-01     5s
  30* -1.11265622e+13 -1.18122553e+13  2.19e-01 1.94e-01  6.65e-01     5s

Barrier performed 30 iterations in 4.71 seconds (5.40 work units)
Sub-optimal termination - objective -1.11265622e+13


Gurobi 10.0.1 (linux64) logging started Tue Aug 20 22:41:49 2024

Set parameter LogFile to value "solver_opties.log"
Set parameter Threads to value 4
Set parameter Method to value 2
Set parameter BarHomogeneous to value 1
Gurobi Optimizer version 10.0.1 build v10.0.1rc0 (linux64)

CPU model: 12th Gen Intel(R) Core(TM) i5-1235U, instruction set [SSE2|AVX|AVX2]
Thread count: 12 physical cores, 12 logical processors, using up to 4 threads

Optimize a model with 902282 rows, 473054 columns and 1699438 nonzeros
Model fingerprint: 0x9af08431
Coefficient statistics:
  Matrix range     [4e-01, 4e+04]
  Objective range  [1e-02, 3e+07]
  Bounds range     [1e-05, 1e+06]
  RHS range        [5e-06, 3e+03]
Presolve removed 770489 rows and 266844 columns
Presolve time: 0.64s
Presolved: 131793 rows, 206210 columns, 618319 nonzeros
Ordering time: 0.02s

Barrier statistics:
 Dense cols : 3
 AA' NZ     : 4.822e+05
 Factor NZ  : 2.464e+06 (roughly 160 MB of memory)
 Factor Ops : 4.962e+07 (less than 1 second per iteration)
 Threads    : 4

                  Objective                Residual
Iter       Primal          Dual         Primal    Dual     Compl     Time
   0   9.30698109e+08 -1.49936198e+10  7.44e+03 1.85e+01  2.27e+06     1s
   1   4.19116629e+08 -1.16475873e+10  1.51e+03 1.53e+03  5.90e+05     1s
   2   3.26316836e+08 -7.57313542e+09  5.71e+02 1.94e+02  1.79e+05     1s
   3   1.19419609e+08 -3.01018129e+09  3.36e+01 1.29e+01  1.62e+04     1s
   4  -4.20962922e+07 -5.56916559e+08  2.92e+00 2.24e+00  1.80e+03     1s
   5  -1.01948321e+09 -3.19686110e+09  1.64e+00 4.73e+00  1.24e+04     1s
   6  -9.01815628e+09 -6.71430573e+09  1.31e-01 2.18e+00  1.84e+04     1s
   7* -1.83955427e+13 -5.62906942e+12  3.15e-03 1.30e-01  2.15e-01     1s
   8* -3.20240508e+13 -3.15196901e+13  3.17e-03 1.99e-02  3.80e-02     1s
   9* -2.11347641e+14 -1.85637493e+15  6.30e-03 2.95e-03  4.81e-02     2s
  10* -4.79138793e+15 -6.85746697e+15  2.32e-02 1.01e-03  1.41e-02     2s
  11* -1.20531209e+16 -8.64113608e+17  2.35e-02 6.74e-04  3.37e-01     2s
  12* -5.36902914e+16 -5.56145251e+17  1.50e-02 7.17e-04  4.78e-01     2s
  13* -2.27850776e+17 -3.13832975e+17  1.43e-01 4.24e-04  2.07e-01     2s
  14* -8.56016937e+17 -9.49371764e+17  1.91e-01 1.16e-04  2.43e-02     2s
  15* -2.34295529e+18 -2.60810555e+18  6.86e-02 4.25e-05  2.34e-03     2s
  16* -2.34520235e+18 -2.41055688e+18  2.35e-02 4.46e-05  7.54e-04     2s
  17* -4.95756876e+18 -5.85501588e+18  2.05e-02 8.27e-05  2.16e-04     2s
  18* -2.63957585e+18 -3.42360233e+18  1.84e-02 2.66e-04  6.38e-04     3s
  19* -9.38734177e+17 -1.79092165e+18  4.70e-02 1.26e-03  3.13e-03     3s
  20* -8.07685633e+17 -1.62064861e+18  4.81e-02 1.54e-03  4.52e-03     3s
  21* -7.64990534e+17 -1.51612276e+18  4.69e-02 1.75e-03  4.68e-03     3s
  22* -5.20440032e+17 -1.20881995e+18  7.87e-02 3.51e-03  8.35e-03     3s
  23* -4.29192863e+17 -9.84938342e+17  9.79e-02 6.18e-03  1.04e-02     3s
  24* -4.45609230e+17 -9.35448125e+17  9.66e-02 6.31e-03  1.05e-02     3s
  25* -4.14282263e+17 -8.60421222e+17  1.04e-01 8.00e-03  1.14e-02     3s
  26* -3.96737446e+17 -7.96786958e+17  1.08e-01 9.40e-03  1.14e-02     3s
  27* -3.91062312e+17 -7.38191207e+17  1.08e-01 8.91e-03  9.92e-03     4s
  28* -3.82873326e+17 -6.95535462e+17  1.11e-01 1.00e-02  9.56e-03     4s
  29* -3.92206685e+17 -6.81159083e+17  1.10e-01 9.84e-03  9.60e-03     4s
  30* -3.86448422e+17 -6.39681749e+17  1.17e-01 1.12e-02  9.15e-03     4s
  31* -3.86629603e+17 -6.14463307e+17  1.17e-01 1.08e-02  8.48e-03     4s
  32* -3.87257419e+17 -6.02953430e+17  1.16e-01 1.07e-02  7.89e-03     4s
  33* -3.95517293e+17 -5.89243013e+17  1.34e-01 1.11e-02  7.77e-03     4s
  34* -4.06210312e+17 -5.80456289e+17  1.40e-01 1.08e-02  8.35e-03     4s
  35* -4.23686351e+17 -5.74044864e+17  1.46e-01 1.01e-02  7.92e-03     5s
  36* -4.32608632e+17 -5.74328618e+17  1.42e-01 9.19e-03  7.65e-03     5s
  37* -4.36702973e+17 -5.73667791e+17  1.40e-01 9.14e-03  7.75e-03     5s
  38* -4.48539873e+17 -5.75947754e+17  1.36e-01 8.53e-03  7.42e-03     5s
  39* -4.98677171e+17 -5.84060898e+17  1.64e-01 7.68e-03  6.67e-03     5s
  40* -5.55458195e+17 -6.10688588e+17  1.67e-01 7.22e-03  6.06e-03     5s
  41* -6.61159070e+17 -6.54793095e+17  1.84e-01 8.53e-03  4.91e-03     5s
  42* -1.27322747e+18 -4.02200819e+18  2.70e-01 2.63e-01  9.88e-03     5s
  43* -7.31162112e+17 -3.13119567e+18  2.96e-01 2.89e-01  3.31e-02     6s
  44* -5.70177975e+17 -2.58247109e+18  3.18e-01 3.19e-01  5.57e-02     6s
  45* -5.00980478e+17 -2.39832267e+18  3.31e-01 3.55e-01  7.05e-02     6s
  46* -4.47916518e+17 -2.25758436e+18  3.48e-01 4.00e-01  9.02e-02     6s
  47* -4.38077039e+17 -2.02272402e+18  3.50e-01 3.56e-01  9.29e-02     6s
  48* -3.65409864e+17 -1.83706658e+18  4.47e-01 4.56e-01  1.79e-01     6s
  49* -3.30972465e+17 -1.70334081e+18  5.30e-01 5.17e-01  2.61e-01     6s
  50* -3.16399187e+17 -1.59165659e+18  5.49e-01 5.41e-01  2.76e-01     6s
  51* -3.09960678e+17 -1.50119955e+18  5.54e-01 5.46e-01  2.74e-01     6s
  52* -2.95352888e+17 -1.42322088e+18  5.83e-01 5.57e-01  3.25e-01     6s
  53* -2.90448821e+17 -1.36079782e+18  5.95e-01 5.45e-01  3.20e-01     7s
  54* -2.86775364e+17 -1.29559403e+18  6.03e-01 5.25e-01  3.12e-01     7s
  55* -2.82177623e+17 -1.25044047e+18  6.25e-01 5.19e-01  3.21e-01     7s
  56* -2.76921090e+17 -1.22233472e+18  6.44e-01 5.33e-01  3.42e-01     7s
  57* -2.75812197e+17 -1.18620561e+18  6.42e-01 5.35e-01  3.29e-01     7s

Barrier performed 57 iterations in 7.07 seconds (8.58 work units)
Numerical trouble encountered


Gurobi 10.0.1 (linux64) logging started Tue Aug 20 22:43:03 2024

Set parameter LogFile to value "solver_opties.log"
Set parameter Threads to value 4
Set parameter Method to value 2
Set parameter BarHomogeneous to value 1
Gurobi Optimizer version 10.0.1 build v10.0.1rc0 (linux64)

CPU model: 12th Gen Intel(R) Core(TM) i5-1235U, instruction set [SSE2|AVX|AVX2]
Thread count: 12 physical cores, 12 logical processors, using up to 4 threads

Optimize a model with 902282 rows, 473054 columns and 1699438 nonzeros
Model fingerprint: 0xd6253728
Coefficient statistics:
  Matrix range     [4e-01, 4e+04]
  Objective range  [1e-02, 3e+06]
  Bounds range     [1e-05, 1e+06]
  RHS range        [5e-06, 3e+03]
Presolve removed 770489 rows and 266844 columns
Presolve time: 0.62s
Presolved: 131793 rows, 206210 columns, 618319 nonzeros
Ordering time: 0.01s

Barrier statistics:
 Dense cols : 3
 AA' NZ     : 4.822e+05
 Factor NZ  : 2.464e+06 (roughly 160 MB of memory)
 Factor Ops : 4.962e+07 (less than 1 second per iteration)
 Threads    : 4

                  Objective                Residual
Iter       Primal          Dual         Primal    Dual     Compl     Time
   0   8.73938972e+08 -4.72074439e+09  7.44e+03 1.79e+01  7.17e+05     1s
   1   2.78140714e+08 -3.66050973e+09  1.50e+03 4.84e+02  1.86e+05     1s
   2   1.74199501e+08 -2.36950169e+09  5.60e+02 6.10e+01  5.57e+04     1s
   3   2.34182511e+07 -8.71463949e+08  3.23e+01 4.57e+00  4.85e+03     1s
   4  -3.69081674e+08 -4.88147786e+08  2.44e+00 2.18e+00  1.56e+03     1s
   5  -3.37976746e+10 -1.15769409e+11  3.14e+00 2.37e+00  3.41e+05     1s
   6* -1.09567586e+12 -2.21325886e+13  2.35e-02 1.69e+01  1.17e+02     1s
   7* -1.27146269e+12 -2.90506966e+12  3.56e-01 1.31e+00  7.33e+00     1s
   8* -4.32211476e+12 -9.43108574e+13  2.44e-01 2.45e+00  5.29e+01     1s
   9* -3.68189995e+12 -2.87792661e+13  6.85e-01 1.86e+00  2.85e+01     2s
  10* -1.61643455e+13 -8.86887907e+14  7.53e-01 3.31e+01  3.44e+03     2s
  11* -4.05395420e+12 -4.77315208e+14  1.20e+01 8.69e+01  1.21e+04     2s
  12  -3.56903403e+12 -2.66832354e+14  2.20e+01 1.29e+01  1.47e+07     2s
  13  -9.96878045e+12 -2.26649623e+14  1.10e+01 1.11e+01  1.26e+07     2s
  14  -4.27010850e+13 -4.56684421e+14  1.11e+01 1.91e+01  1.48e+08     2s
  15  -8.28177748e+13 -9.21051904e+14  1.11e+01 2.94e+01  6.22e+08     2s
  16  -2.31645117e+14 -1.22392852e+15  8.97e+01 3.38e+01  6.71e+08     2s
  17  -2.31642626e+14 -1.22392834e+15  9.39e+01 3.38e+01  4.57e+08     2s
  18  -2.31643622e+14 -1.22392866e+15  9.39e+01 3.38e+01  4.44e+08     3s
  19  -2.31641304e+14 -1.22392849e+15  1.79e+02 3.38e+01  4.44e+08     3s
  20  -2.31641620e+14 -1.22393022e+15  1.79e+02 3.38e+01  4.44e+08     3s
  21  -2.31642334e+14 -1.22393448e+15  1.79e+02 3.38e+01  4.43e+08     3s
  22  -2.31639870e+14 -1.22393429e+15  1.79e+02 3.38e+01  4.43e+08     3s
  23  -2.31641808e+14 -1.22394414e+15  1.79e+02 3.38e+01  4.43e+08     3s
  24  -2.31654463e+14 -1.22394679e+15  1.79e+02 3.38e+01  4.43e+08     3s
  25  -2.31656433e+14 -1.22395860e+15  1.79e+02 3.38e+01  4.43e+08     4s
  26  -2.31656478e+14 -1.22395864e+15  1.79e+02 3.38e+01  4.43e+08     4s
  27  -2.31654755e+14 -1.22395850e+15  2.48e+02 3.38e+01  4.43e+08     4s
  28  -2.32089692e+14 -1.22400921e+15  2.48e+02 3.38e+01  4.43e+08     4s
  29  -2.32101528e+14 -1.22401203e+15  2.48e+02 3.38e+01  4.43e+08     4s
  30  -2.32101920e+14 -1.22401409e+15  2.48e+02 3.38e+01  4.43e+08     4s
  31  -2.32118443e+14 -1.22402641e+15  2.48e+02 3.38e+01  4.43e+08     4s
  32  -2.32142539e+14 -1.22422495e+15  2.48e+02 3.38e+01  4.43e+08     5s
  33  -2.32201299e+14 -1.22435933e+15  2.48e+02 3.38e+01  4.43e+08     5s
  34  -2.32229212e+14 -1.22453757e+15  2.48e+02 3.38e+01  4.43e+08     5s
  35  -2.33399442e+14 -1.22480539e+15  2.48e+02 3.38e+01  4.43e+08     5s
  36  -2.34366608e+14 -1.22504067e+15  2.48e+02 3.38e+01  4.43e+08     5s

Barrier performed 36 iterations in 5.21 seconds (6.58 work units)
Numerical trouble encountered


Gurobi 10.0.1 (linux64) logging started Tue Aug 20 22:44:10 2024

Set parameter LogFile to value "solver_opties.log"
Set parameter Threads to value 4
Set parameter Method to value 2
Set parameter BarHomogeneous to value 1
Gurobi Optimizer version 10.0.1 build v10.0.1rc0 (linux64)

CPU model: 12th Gen Intel(R) Core(TM) i5-1235U, instruction set [SSE2|AVX|AVX2]
Thread count: 12 physical cores, 12 logical processors, using up to 4 threads

Optimize a model with 902282 rows, 473054 columns and 1699438 nonzeros
Model fingerprint: 0x7d73489d
Coefficient statistics:
  Matrix range     [4e-01, 4e+04]
  Objective range  [1e-02, 4e+05]
  Bounds range     [1e-05, 1e+06]
  RHS range        [5e-06, 3e+03]
Presolve removed 770489 rows and 266844 columns
Presolve time: 0.62s
Presolved: 131793 rows, 206210 columns, 618319 nonzeros
Ordering time: 0.01s

Barrier statistics:
 Dense cols : 3
 AA' NZ     : 4.822e+05
 Factor NZ  : 2.464e+06 (roughly 160 MB of memory)
 Factor Ops : 4.962e+07 (less than 1 second per iteration)
 Threads    : 4

                  Objective                Residual
Iter       Primal          Dual         Primal    Dual     Compl     Time
   0   8.68262092e+08 -4.11440873e+09  7.44e+03 1.78e+01  6.26e+05     1s
   1   2.63404337e+08 -3.18883991e+09  1.50e+03 4.22e+02  1.62e+05     1s
   2   1.57676543e+08 -2.06188355e+09  5.57e+02 5.32e+01  4.84e+04     1s
   3   8.87867619e+06 -7.54934019e+08  3.22e+01 4.06e+00  4.20e+03     1s
   4  -6.17638388e+08 -5.03112520e+08  6.22e+00 2.17e+00  1.90e+03     1s
   5* -4.95095608e+10 -8.64995742e+11  2.95e+00 1.97e+01  1.24e+02     1s
   6* -5.96235521e+10 -3.41809759e+11  1.90e+00 6.18e+00  4.65e+01     1s
   7* -2.96049755e+12 -1.46184130e+14  7.79e-03 4.82e+01  3.92e+02     1s
   8* -2.51611372e+12 -6.14759373e+13  1.10e+00 2.37e+01  1.89e+02     1s
   9* -1.84963161e+12 -9.72612243e+12  2.27e+00 4.72e+00  3.35e+01     1s
  10* -2.19939867e+12 -3.79686183e+12  9.59e-01 1.49e+00  3.19e+00     2s
  11* -6.01941289e+13 -6.21435572e+13  6.00e-02 1.03e-01  4.14e-01     2s
  12* -2.25714505e+14 -1.77863832e+16  2.54e-02 2.46e-02  3.32e+00     2s
  13* -9.33342290e+15 -1.79869635e+16  1.65e-01 1.71e-02  1.87e+00     2s
  14* -2.13887116e+16 -2.19783858e+16  3.49e+00 6.56e-03  3.33e-01     2s
  15* -3.02921221e+16 -2.74745492e+16  3.52e+00 4.50e-03  9.82e-02     2s
  16* -3.33461888e+16 -2.89546674e+16  2.01e+00 3.76e-03  4.94e-02     2s
  17* -6.07396537e+17 -6.75807373e+19  2.74e+00 4.97e-03  2.84e-01     2s
  18* -3.20287047e+17 -3.66985317e+19  2.72e+00 7.85e-03  6.80e-01     3s
  19* -3.09009934e+17 -2.43381214e+19  2.71e+00 8.83e-03  1.20e+00     3s
  20* -3.00419444e+17 -1.21590069e+19  2.85e+00 4.68e-02  5.99e+00     3s
  21* -2.22791155e+17 -8.30302969e+18  3.24e+00 1.18e-01  1.31e+01     3s
  22* -2.02794754e+17 -6.15349826e+18  3.46e+00 1.81e-01  1.47e+01     3s
  23* -1.89696250e+17 -5.18268636e+18  3.82e+00 2.33e-01  2.23e+01     3s
  24* -1.80429963e+17 -4.27393253e+18  4.35e+00 3.47e-01  2.72e+01     3s
  25* -2.00022543e+17 -3.91873427e+18  4.64e+00 4.06e-01  3.22e+01     3s
  26* -1.90490093e+17 -3.39411085e+18  5.28e+00 5.15e-01  4.23e+01     4s
  27* -2.15327742e+17 -3.10753331e+18  6.17e+00 6.74e-01  5.88e+01     4s
  28* -2.06472664e+17 -2.79036483e+18  6.88e+00 7.72e-01  6.54e+01     4s
  29* -1.99798064e+17 -2.58749878e+18  7.52e+00 8.61e-01  7.48e+01     4s
  30* -2.14242418e+17 -2.38078457e+18  8.13e+00 9.86e-01  8.43e+01     4s
  31* -2.26565193e+17 -2.25258571e+18  8.82e+00 1.11e+00  9.87e+01     4s
  32* -2.15009974e+17 -2.02990422e+18  1.07e+01 1.60e+00  1.23e+02     4s
  33* -2.01251549e+17 -1.76209565e+18  1.62e+01 3.23e+00  1.78e+02     4s
  34* -1.93466071e+17 -1.59949782e+18  2.00e+01 4.08e+00  2.39e+02     5s
  35* -1.89386160e+17 -1.44179774e+18  2.22e+01 4.31e+00  2.67e+02     5s
  36* -1.87309362e+17 -1.30374870e+18  2.34e+01 5.94e+00  2.67e+02     5s
  37* -1.85069090e+17 -1.23961963e+18  2.60e+01 7.34e+00  3.17e+02     5s
  38* -1.83287713e+17 -1.09437661e+18  2.95e+01 9.25e+00  3.23e+02     5s
  39* -1.81779356e+17 -1.03507481e+18  3.73e+01 1.13e+01  4.42e+02     5s
  40* -1.81129793e+17 -8.81274124e+17  4.37e+01 1.73e+01  4.68e+02     5s
  41* -1.82335276e+17 -7.85995488e+17  6.60e+01 2.47e+01  6.58e+02     5s
  42* -2.76105563e+17 -6.14630953e+17  1.76e+02 7.19e+01  1.33e+03     6s
  43* -2.70113035e+17 -5.12530648e+17  2.54e+02 1.00e+02  2.26e+03     6s
  44* -2.77194897e+17 -4.75847604e+17  2.38e+02 9.84e+01  2.12e+03     6s
  45* -3.45629918e+17 -4.33274671e+17  5.11e+02 1.26e+02  2.52e+03     6s
  46* -6.08442840e+17 -5.39568951e+17  5.98e+02 8.65e+01  9.50e+02     6s
  47* -6.51959728e+17 -1.04294857e+18  5.71e+02 5.70e+02  1.69e+03     6s
  48* -5.90841153e+17 -7.44780072e+17  5.21e+02 5.31e+02  1.44e+03     6s
  49* -6.41559409e+17 -7.35640372e+17  3.83e+02 3.36e+02  1.10e+03     6s
  50* -1.03689084e+18 -8.21623344e+17  4.71e+02 2.25e+02  4.89e+02     6s
  51* -1.37552179e+18 -1.99599786e+20  4.34e+02 6.85e+04  1.05e+05     7s

Barrier performed 51 iterations in 6.55 seconds (7.81 work units)
Numerical trouble encountered


Gurobi 10.0.1 (linux64) logging started Tue Aug 20 22:45:12 2024

Set parameter LogFile to value "solver_opties.log"
Set parameter Threads to value 4
Set parameter Method to value 2
Set parameter BarHomogeneous to value 1
Gurobi Optimizer version 10.0.1 build v10.0.1rc0 (linux64)

CPU model: 12th Gen Intel(R) Core(TM) i5-1235U, instruction set [SSE2|AVX|AVX2]
Thread count: 12 physical cores, 12 logical processors, using up to 4 threads

Optimize a model with 902282 rows, 473054 columns and 1699438 nonzeros
Model fingerprint: 0x3afabfb6
Coefficient statistics:
  Matrix range     [4e-01, 4e+04]
  Objective range  [1e-02, 8e+04]
  Bounds range     [1e-05, 1e+06]
  RHS range        [5e-06, 3e+03]
Presolve removed 779249 rows and 266845 columns
Presolve time: 0.62s
Presolved: 123033 rows, 206209 columns, 600799 nonzeros
Ordering time: 0.01s

Barrier statistics:
 Dense cols : 2
 AA' NZ     : 4.559e+05
 Factor NZ  : 2.143e+06 (roughly 150 MB of memory)
 Factor Ops : 4.159e+07 (less than 1 second per iteration)
 Threads    : 4

                  Objective                Residual
Iter       Primal          Dual         Primal    Dual     Compl     Time
   0   7.31561179e+08 -4.11988348e+09  7.44e+03 1.70e+01  6.26e+05     1s
   1   2.42946242e+08 -3.19571475e+09  1.50e+03 4.24e+02  1.61e+05     1s
   2   1.55357484e+08 -2.06037738e+09  5.93e+02 5.09e+01  5.10e+04     1s
   3   5.12104068e+06 -7.92274567e+08  3.21e+01 4.00e+00  4.31e+03     1s
   4  -6.75764632e+08 -5.34975042e+08  5.86e+00 2.18e+00  1.96e+03     1s
   5* -6.00824421e+10 -6.37554936e+11  2.46e+00 1.49e+01  6.90e+01     1s
   6* -6.95163343e+10 -3.13077030e+11  1.84e+00 4.89e+00  3.03e+01     1s
   7* -6.00583628e+12 -1.97716996e+14  4.41e-03 2.07e+01  1.22e+02     1s
   8* -4.90295190e+12 -6.04111040e+13  6.32e-01 7.50e+00  4.26e+01     1s
   9* -4.03245342e+12 -1.49015937e+13  1.08e+00 1.99e+00  1.14e+01     2s
  10* -1.08144914e+13 -1.14904027e+13  8.11e-02 2.14e-01  6.74e-01     2s
  11* -1.08249906e+13 -1.15032763e+13  9.35e-02 2.14e-01  6.73e-01     2s
  12* -1.08648937e+13 -1.15446540e+13  1.10e-01 2.13e-01  6.72e-01     2s
  13* -1.08662933e+13 -1.15463042e+13  1.11e-01 1.98e-01  6.72e-01     2s
  14* -1.08731395e+13 -1.15544452e+13  1.19e-01 1.98e-01  6.72e-01     2s
  15* -1.08752882e+13 -1.15565189e+13  1.19e-01 1.98e-01  6.72e-01     2s
  16* -1.08946632e+13 -1.15750595e+13  1.20e-01 1.98e-01  6.71e-01     3s
  17* -1.08954423e+13 -1.15758157e+13  1.21e-01 1.98e-01  6.71e-01     3s
  18* -1.08964829e+13 -1.15770776e+13  1.21e-01 1.98e-01  6.71e-01     3s
  19* -1.09025255e+13 -1.15842413e+13  1.21e-01 1.97e-01  6.71e-01     3s
  20* -1.09341842e+13 -1.16151648e+13  1.26e-01 1.97e-01  6.70e-01     3s
  21* -1.09369424e+13 -1.16178133e+13  1.26e-01 1.97e-01  6.70e-01     3s
  22* -1.09856779e+13 -1.16646814e+13  1.31e-01 1.96e-01  6.69e-01     3s
  23* -1.09957233e+13 -1.16750980e+13  1.32e-01 1.96e-01  6.69e-01     4s
  24* -1.10158083e+13 -1.16968919e+13  1.34e-01 1.96e-01  6.68e-01     4s
  25* -1.10159841e+13 -1.16970547e+13  1.34e-01 1.96e-01  6.68e-01     4s
  26* -1.10499791e+13 -1.17303424e+13  2.04e-01 1.95e-01  6.67e-01     4s
  27* -1.10754996e+13 -1.17554482e+13  2.05e-01 1.95e-01  6.66e-01     4s
  28* -1.10839201e+13 -1.17641621e+13  2.06e-01 1.95e-01  6.66e-01     4s
  29* -1.11210331e+13 -1.18070480e+13  2.18e-01 1.94e-01  6.66e-01     5s
  30* -1.11265622e+13 -1.18122553e+13  2.19e-01 1.94e-01  6.65e-01     5s

Barrier performed 30 iterations in 4.67 seconds (5.40 work units)
Sub-optimal termination - objective -1.11265622e+13


Gurobi 10.0.1 (linux64) logging started Tue Aug 20 22:50:12 2024

Set parameter LogFile to value "solver_opties.log"
Set parameter Threads to value 4
Set parameter Method to value 2
Set parameter BarHomogeneous to value 1
Gurobi Optimizer version 10.0.1 build v10.0.1rc0 (linux64)

CPU model: 12th Gen Intel(R) Core(TM) i5-1235U, instruction set [SSE2|AVX|AVX2]
Thread count: 12 physical cores, 12 logical processors, using up to 4 threads

Optimize a model with 902282 rows, 473054 columns and 1699438 nonzeros
Model fingerprint: 0x11624581
Coefficient statistics:
  Matrix range     [4e-01, 4e+04]
  Objective range  [1e-02, 8e+04]
  Bounds range     [1e-05, 1e+06]
  RHS range        [5e-06, 3e+03]
Presolve removed 770489 rows and 266844 columns
Presolve time: 0.61s
Presolved: 131793 rows, 206210 columns, 618319 nonzeros
Ordering time: 0.01s

Barrier statistics:
 Dense cols : 3
 AA' NZ     : 4.822e+05
 Factor NZ  : 2.464e+06 (roughly 160 MB of memory)
 Factor Ops : 4.962e+07 (less than 1 second per iteration)
 Threads    : 4

                  Objective                Residual
Iter       Primal          Dual         Primal    Dual     Compl     Time
   0   8.67631527e+08 -4.11407201e+09  7.44e+03 1.78e+01  6.26e+05     1s
   1   2.61873734e+08 -3.18851249e+09  1.50e+03 4.22e+02  1.62e+05     1s
   2   1.56008676e+08 -2.06157683e+09  5.57e+02 5.32e+01  4.84e+04     1s
   3   7.24615736e+06 -7.54671149e+08  3.22e+01 4.06e+00  4.19e+03     1s
   4  -6.19504142e+08 -5.03985610e+08  6.23e+00 2.17e+00  1.90e+03     1s
   5* -4.99312961e+10 -8.51070327e+11  2.94e+00 1.95e+01  1.20e+02     1s
   6* -6.00225062e+10 -3.37967203e+11  1.89e+00 6.12e+00  4.52e+01     1s
   7* -3.05073224e+12 -1.48234001e+14  7.49e-03 4.66e+01  3.69e+02     1s
   8* -2.58546415e+12 -6.27530060e+13  1.07e+00 2.31e+01  1.80e+02     1s
   9* -1.88024991e+12 -9.99321604e+12  2.25e+00 4.69e+00  3.27e+01     1s
  10* -2.56996625e+12 -3.82376115e+12  8.93e-01 1.52e+00  3.56e+00     2s
  11* -1.26117736e+15 -1.23536251e+15  5.51e-02 6.26e-03  4.07e-02     2s
  12* -2.40532043e+15 -7.20341689e+15  3.87e-02 3.26e-03  3.15e-02     2s
  13* -6.14749014e+15 -1.44421497e+16  4.94e-02 2.19e-03  2.20e-02     2s
  14* -1.04560860e+17 -1.51086204e+17  3.35e-01 1.89e-04  4.99e-03     2s
  15* -5.69838350e+17 -5.41385643e+17  4.59e-02 2.27e-05  2.03e-04     2s
  16* -8.56727377e+18 -6.83531424e+19  1.66e-02 5.19e-06  1.85e-04     2s
  17* -5.91244515e+18 -5.53793112e+19  1.63e-02 6.27e-06  2.36e-04     2s
  18* -4.17896536e+18 -4.16982438e+19  1.61e-02 4.18e-06  2.63e-04     2s
  19* -3.27072838e+18 -2.99459086e+19  1.60e-02 5.02e-06  2.36e-04     3s
  20* -1.70717396e+18 -2.01056752e+19  1.59e-02 9.58e-06  3.65e-04     3s
  21* -1.20094341e+18 -1.55042710e+19  1.59e-02 1.45e-05  4.94e-04     3s
  22* -6.43647733e+17 -1.05618589e+19  1.71e-02 3.34e-05  9.41e-04     3s
  23* -6.31235238e+17 -8.96747211e+18  1.76e-02 4.44e-05  1.38e-03     3s
  24* -3.27918983e+17 -5.91046626e+18  3.82e-02 1.47e-04  5.85e-03     3s
  25* -2.61851840e+17 -4.22673287e+18  5.05e-02 3.74e-04  7.46e-03     3s
  26* -2.11536853e+17 -3.26913096e+18  9.26e-02 7.90e-04  1.87e-02     3s
  27* -1.87700453e+17 -2.37989443e+18  1.54e-01 2.84e-03  3.73e-02     4s
  28* -1.78545644e+17 -2.08958454e+18  2.05e-01 4.29e-03  6.69e-02     4s
  29* -1.74396795e+17 -1.71075673e+18  2.43e-01 5.96e-03  8.24e-02     4s
  30* -1.72043744e+17 -1.41422535e+18  2.88e-01 8.57e-03  1.01e-01     4s
  31* -1.71121800e+17 -1.22860782e+18  3.40e-01 9.24e-03  1.22e-01     4s
  32* -1.71156655e+17 -1.09649516e+18  4.29e-01 1.30e-02  1.68e-01     4s
  33* -1.71859204e+17 -9.88288505e+17  4.99e-01 1.48e-02  2.06e-01     4s
  34* -1.73349684e+17 -8.87676693e+17  6.00e-01 1.53e-02  2.57e-01     4s
  35* -1.87333779e+17 -8.45246509e+17  6.01e-01 1.62e-02  2.63e-01     5s
  36* -2.06116400e+17 -8.24874397e+17  5.93e-01 1.63e-02  2.72e-01     5s
  37* -2.19003804e+17 -7.88837221e+17  6.01e-01 1.83e-02  2.80e-01     5s
  38* -2.17066502e+17 -7.45844720e+17  6.42e-01 2.07e-02  3.02e-01     5s
  39* -2.16192327e+17 -7.09025218e+17  6.69e-01 2.28e-02  3.10e-01     5s
  40* -2.15667150e+17 -6.71687460e+17  7.14e-01 2.56e-02  3.27e-01     5s
  41* -2.27626215e+17 -6.56091923e+17  7.18e-01 2.76e-02  3.41e-01     5s
  42* -2.35312385e+17 -6.38972069e+17  7.16e-01 2.78e-02  3.36e-01     5s
  43* -2.35136580e+17 -6.19706626e+17  7.40e-01 2.98e-02  3.46e-01     6s
  44* -2.35343698e+17 -6.05562099e+17  7.73e-01 3.10e-02  3.66e-01     6s
  45* -2.35795285e+17 -5.81969379e+17  7.94e-01 3.44e-02  3.63e-01     6s
  46* -2.42179198e+17 -5.70145266e+17  7.89e-01 3.42e-02  3.53e-01     6s
  47* -2.43171774e+17 -5.58282856e+17  8.06e-01 3.57e-02  3.60e-01     6s
  48* -2.44717961e+17 -5.43043890e+17  8.34e-01 3.88e-02  3.64e-01     6s
  49* -2.46726410e+17 -5.29512603e+17  8.67e-01 4.26e-02  3.68e-01     6s
  50* -2.49454475e+17 -5.16011127e+17  9.03e-01 4.47e-02  3.71e-01     6s
  51* -2.52036747e+17 -5.01042736e+17  9.23e-01 4.86e-02  3.59e-01     7s

Barrier performed 51 iterations in 6.57 seconds (8.00 work units)
Numerical trouble encountered


Gurobi 10.0.1 (linux64) logging started Tue Aug 20 22:55:26 2024

Set parameter LogFile to value "solver_opties.log"
Set parameter Threads to value 4
Set parameter Method to value 2
Set parameter BarHomogeneous to value 1
Gurobi Optimizer version 10.0.1 build v10.0.1rc0 (linux64)

CPU model: 12th Gen Intel(R) Core(TM) i5-1235U, instruction set [SSE2|AVX|AVX2]
Thread count: 12 physical cores, 12 logical processors, using up to 4 threads

Optimize a model with 902282 rows, 473054 columns and 1699438 nonzeros
Model fingerprint: 0x11624581
Coefficient statistics:
  Matrix range     [4e-01, 4e+04]
  Objective range  [1e-02, 8e+04]
  Bounds range     [1e-05, 1e+06]
  RHS range        [5e-06, 3e+03]
Presolve removed 770489 rows and 266844 columns
Presolve time: 0.63s
Presolved: 131793 rows, 206210 columns, 618319 nonzeros
Ordering time: 0.01s

Barrier statistics:
 Dense cols : 3
 AA' NZ     : 4.822e+05
 Factor NZ  : 2.464e+06 (roughly 160 MB of memory)
 Factor Ops : 4.962e+07 (less than 1 second per iteration)
 Threads    : 4

                  Objective                Residual
Iter       Primal          Dual         Primal    Dual     Compl     Time
   0   8.67631527e+08 -4.11407201e+09  7.44e+03 1.78e+01  6.26e+05     1s
   1   2.61873734e+08 -3.18851249e+09  1.50e+03 4.22e+02  1.62e+05     1s
   2   1.56008676e+08 -2.06157683e+09  5.57e+02 5.32e+01  4.84e+04     1s
   3   7.24615736e+06 -7.54671149e+08  3.22e+01 4.06e+00  4.19e+03     1s
   4  -6.19504142e+08 -5.03985610e+08  6.23e+00 2.17e+00  1.90e+03     1s
   5* -4.99312961e+10 -8.51070327e+11  2.94e+00 1.95e+01  1.20e+02     1s
   6* -6.00225062e+10 -3.37967203e+11  1.89e+00 6.12e+00  4.52e+01     1s
   7* -3.05073224e+12 -1.48234001e+14  7.49e-03 4.66e+01  3.69e+02     1s
   8* -2.58546415e+12 -6.27530060e+13  1.07e+00 2.31e+01  1.80e+02     1s
   9* -1.88024991e+12 -9.99321604e+12  2.25e+00 4.69e+00  3.27e+01     1s
  10* -2.56996625e+12 -3.82376115e+12  8.93e-01 1.52e+00  3.56e+00     2s
  11* -1.26117736e+15 -1.23536251e+15  5.51e-02 6.26e-03  4.07e-02     2s
  12* -2.40532043e+15 -7.20341689e+15  3.87e-02 3.26e-03  3.15e-02     2s
  13* -6.14749014e+15 -1.44421497e+16  4.94e-02 2.19e-03  2.20e-02     2s
  14* -1.04560860e+17 -1.51086204e+17  3.35e-01 1.89e-04  4.99e-03     2s
  15* -5.69838350e+17 -5.41385643e+17  4.59e-02 2.27e-05  2.03e-04     2s
  16* -8.56727377e+18 -6.83531424e+19  1.66e-02 5.19e-06  1.85e-04     2s
  17* -5.91244515e+18 -5.53793112e+19  1.63e-02 6.27e-06  2.36e-04     2s
  18* -4.17896536e+18 -4.16982438e+19  1.61e-02 4.18e-06  2.63e-04     2s
  19* -3.27072838e+18 -2.99459086e+19  1.60e-02 5.02e-06  2.36e-04     3s
  20* -1.70717396e+18 -2.01056752e+19  1.59e-02 9.58e-06  3.65e-04     3s
  21* -1.20094341e+18 -1.55042710e+19  1.59e-02 1.45e-05  4.94e-04     3s
  22* -6.43647733e+17 -1.05618589e+19  1.71e-02 3.34e-05  9.41e-04     3s
  23* -6.31235238e+17 -8.96747211e+18  1.76e-02 4.44e-05  1.38e-03     3s
  24* -3.27918983e+17 -5.91046626e+18  3.82e-02 1.47e-04  5.85e-03     3s
  25* -2.61851840e+17 -4.22673287e+18  5.05e-02 3.74e-04  7.46e-03     3s
  26* -2.11536853e+17 -3.26913096e+18  9.26e-02 7.90e-04  1.87e-02     3s
  27* -1.87700453e+17 -2.37989443e+18  1.54e-01 2.84e-03  3.73e-02     4s
  28* -1.78545644e+17 -2.08958454e+18  2.05e-01 4.29e-03  6.69e-02     4s
  29* -1.74396795e+17 -1.71075673e+18  2.43e-01 5.96e-03  8.24e-02     4s
  30* -1.72043744e+17 -1.41422535e+18  2.88e-01 8.57e-03  1.01e-01     4s
  31* -1.71121800e+17 -1.22860782e+18  3.40e-01 9.24e-03  1.22e-01     4s
  32* -1.71156655e+17 -1.09649516e+18  4.29e-01 1.30e-02  1.68e-01     4s
  33* -1.71859204e+17 -9.88288505e+17  4.99e-01 1.48e-02  2.06e-01     4s
  34* -1.73349684e+17 -8.87676693e+17  6.00e-01 1.53e-02  2.57e-01     4s
  35* -1.87333779e+17 -8.45246509e+17  6.01e-01 1.62e-02  2.63e-01     4s
  36* -2.06116400e+17 -8.24874397e+17  5.93e-01 1.63e-02  2.72e-01     5s
  37* -2.19003804e+17 -7.88837221e+17  6.01e-01 1.83e-02  2.80e-01     5s
  38* -2.17066502e+17 -7.45844720e+17  6.42e-01 2.07e-02  3.02e-01     5s
  39* -2.16192327e+17 -7.09025218e+17  6.69e-01 2.28e-02  3.10e-01     5s
  40* -2.15667150e+17 -6.71687460e+17  7.14e-01 2.56e-02  3.27e-01     5s
  41* -2.27626215e+17 -6.56091923e+17  7.18e-01 2.76e-02  3.41e-01     5s
  42* -2.35312385e+17 -6.38972069e+17  7.16e-01 2.78e-02  3.36e-01     5s
  43* -2.35136580e+17 -6.19706626e+17  7.40e-01 2.98e-02  3.46e-01     6s
  44* -2.35343698e+17 -6.05562099e+17  7.73e-01 3.10e-02  3.66e-01     6s
  45* -2.35795285e+17 -5.81969379e+17  7.94e-01 3.44e-02  3.63e-01     6s
  46* -2.42179198e+17 -5.70145266e+17  7.89e-01 3.42e-02  3.53e-01     6s
  47* -2.43171774e+17 -5.58282856e+17  8.06e-01 3.57e-02  3.60e-01     6s
  48* -2.44717961e+17 -5.43043890e+17  8.34e-01 3.88e-02  3.64e-01     6s
  49* -2.46726410e+17 -5.29512603e+17  8.67e-01 4.26e-02  3.68e-01     6s
  50* -2.49454475e+17 -5.16011127e+17  9.03e-01 4.47e-02  3.71e-01     6s
  51* -2.52036747e+17 -5.01042736e+17  9.23e-01 4.86e-02  3.59e-01     6s

Barrier performed 51 iterations in 6.49 seconds (8.00 work units)
Numerical trouble encountered


Gurobi 10.0.1 (linux64) logging started Tue Aug 20 22:56:39 2024

Set parameter LogFile to value "solver_opties.log"
Set parameter Threads to value 4
Set parameter Method to value 2
Set parameter BarHomogeneous to value 1
Gurobi Optimizer version 10.0.1 build v10.0.1rc0 (linux64)

CPU model: 12th Gen Intel(R) Core(TM) i5-1235U, instruction set [SSE2|AVX|AVX2]
Thread count: 12 physical cores, 12 logical processors, using up to 4 threads

Optimize a model with 902282 rows, 473054 columns and 1699438 nonzeros
Model fingerprint: 0x3afabfb6
Coefficient statistics:
  Matrix range     [4e-01, 4e+04]
  Objective range  [1e-02, 8e+04]
  Bounds range     [1e-05, 1e+06]
  RHS range        [5e-06, 3e+03]
Presolve removed 779249 rows and 266845 columns
Presolve time: 0.63s
Presolved: 123033 rows, 206209 columns, 600799 nonzeros
Ordering time: 0.02s

Barrier statistics:
 Dense cols : 2
 AA' NZ     : 4.559e+05
 Factor NZ  : 2.143e+06 (roughly 150 MB of memory)
 Factor Ops : 4.159e+07 (less than 1 second per iteration)
 Threads    : 4

                  Objective                Residual
Iter       Primal          Dual         Primal    Dual     Compl     Time
   0   7.31561179e+08 -4.11988348e+09  7.44e+03 1.70e+01  6.26e+05     1s
   1   2.42946242e+08 -3.19571475e+09  1.50e+03 4.24e+02  1.61e+05     1s
   2   1.55357484e+08 -2.06037738e+09  5.93e+02 5.09e+01  5.10e+04     1s
   3   5.12104068e+06 -7.92274567e+08  3.21e+01 4.00e+00  4.31e+03     1s
   4  -6.75764632e+08 -5.34975042e+08  5.86e+00 2.18e+00  1.96e+03     1s
   5* -6.00824421e+10 -6.37554936e+11  2.46e+00 1.49e+01  6.90e+01     1s
   6* -6.95163343e+10 -3.13077030e+11  1.84e+00 4.89e+00  3.03e+01     1s
   7* -6.00583628e+12 -1.97716996e+14  4.41e-03 2.07e+01  1.22e+02     1s
   8* -4.90295190e+12 -6.04111040e+13  6.32e-01 7.50e+00  4.26e+01     1s
   9* -4.03245342e+12 -1.49015937e+13  1.08e+00 1.99e+00  1.14e+01     2s
  10* -1.08144914e+13 -1.14904027e+13  8.11e-02 2.14e-01  6.74e-01     2s
  11* -1.08249906e+13 -1.15032763e+13  9.35e-02 2.14e-01  6.73e-01     2s
  12* -1.08648937e+13 -1.15446540e+13  1.10e-01 2.13e-01  6.72e-01     2s
  13* -1.08662933e+13 -1.15463042e+13  1.11e-01 1.98e-01  6.72e-01     2s
  14* -1.08731395e+13 -1.15544452e+13  1.19e-01 1.98e-01  6.72e-01     2s
  15* -1.08752882e+13 -1.15565189e+13  1.19e-01 1.98e-01  6.72e-01     2s
  16* -1.08946632e+13 -1.15750595e+13  1.20e-01 1.98e-01  6.71e-01     3s
  17* -1.08954423e+13 -1.15758157e+13  1.21e-01 1.98e-01  6.71e-01     3s
  18* -1.08964829e+13 -1.15770776e+13  1.21e-01 1.98e-01  6.71e-01     3s
  19* -1.09025255e+13 -1.15842413e+13  1.21e-01 1.97e-01  6.71e-01     3s
  20* -1.09341842e+13 -1.16151648e+13  1.26e-01 1.97e-01  6.70e-01     3s
  21* -1.09369424e+13 -1.16178133e+13  1.26e-01 1.97e-01  6.70e-01     3s
  22* -1.09856779e+13 -1.16646814e+13  1.31e-01 1.96e-01  6.69e-01     3s
  23* -1.09957233e+13 -1.16750980e+13  1.32e-01 1.96e-01  6.69e-01     4s
  24* -1.10158083e+13 -1.16968919e+13  1.34e-01 1.96e-01  6.68e-01     4s
  25* -1.10159841e+13 -1.16970547e+13  1.34e-01 1.96e-01  6.68e-01     4s
  26* -1.10499791e+13 -1.17303424e+13  2.04e-01 1.95e-01  6.67e-01     4s
  27* -1.10754996e+13 -1.17554482e+13  2.05e-01 1.95e-01  6.66e-01     4s
  28* -1.10839201e+13 -1.17641621e+13  2.06e-01 1.95e-01  6.66e-01     4s
  29* -1.11210331e+13 -1.18070480e+13  2.18e-01 1.94e-01  6.66e-01     5s
  30* -1.11265622e+13 -1.18122553e+13  2.19e-01 1.94e-01  6.65e-01     5s

Barrier performed 30 iterations in 4.65 seconds (5.40 work units)
Sub-optimal termination - objective -1.11265622e+13


Gurobi 10.0.1 (linux64) logging started Wed Aug 21 00:32:17 2024

Set parameter LogFile to value "solver_opties.log"
Set parameter Threads to value 4
Set parameter Method to value 2
Set parameter BarHomogeneous to value 1
Gurobi Optimizer version 10.0.1 build v10.0.1rc0 (linux64)

CPU model: 12th Gen Intel(R) Core(TM) i5-1235U, instruction set [SSE2|AVX|AVX2]
Thread count: 12 physical cores, 12 logical processors, using up to 4 threads

Optimize a model with 867241 rows, 446774 columns and 1629358 nonzeros
Model fingerprint: 0x73c912d3
Coefficient statistics:
  Matrix range     [4e-01, 4e+04]
  Objective range  [1e-02, 8e+04]
  Bounds range     [1e-05, 1e+06]
  RHS range        [5e-06, 2e+00]
Presolve removed 744747 rows and 249863 columns
Presolve time: 0.57s
Presolved: 122494 rows, 196911 columns, 582203 nonzeros
Ordering time: 0.01s

Barrier statistics:
 Dense cols : 2
 AA' NZ     : 4.466e+05
 Factor NZ  : 2.071e+06 (roughly 150 MB of memory)
 Factor Ops : 3.911e+07 (less than 1 second per iteration)
 Threads    : 4

                  Objective                Residual
Iter       Primal          Dual         Primal    Dual     Compl     Time
   0   3.23697226e+07 -2.40096170e+09  2.30e+01 1.70e+01  2.15e+04     1s
   1   2.19258491e+07 -9.51400378e+08  3.89e+00 3.13e+02  5.00e+03     1s
   2   1.80279897e+07 -2.59536364e+08  4.00e-01 6.91e+01  1.14e+03     1s
   3   9.96573825e+06 -1.75965520e+07  1.05e-02 2.69e+00  8.20e+01     1s
   4  -1.22228335e+07 -1.79944823e+07  9.28e-04 2.18e+00  8.19e+01     1s
   5  -6.78133236e+07 -5.10130115e+10  9.38e-04 1.76e+01  1.33e+05     1s
   6  -9.12972611e+07 -4.84789644e+09  7.48e-07 2.08e+00  1.24e+04     1s
   7  -9.84062378e+08 -9.86767275e+14  3.66e-07 1.43e+05  2.71e+09     2s
   8  -9.83141034e+08 -5.34721451e+14  6.55e-03 7.58e+04  1.47e+09     2s
   9  -9.78003974e+08 -2.21565096e+13  1.50e-02 1.39e+03  5.97e+07     2s
  10  -9.62943746e+08 -8.79933547e+11  3.40e-03 3.67e+01  2.43e+06     2s
  11  -1.01281479e+09 -1.41506312e+10  1.55e-07 2.15e+00  3.64e+04     2s
  12  -5.39425589e+10 -5.35564990e+10  1.79e-05 3.50e+00  2.67e+05     2s
  13* -1.24028956e+15 -5.40195058e+15  2.20e-04 1.24e-03  1.72e-02     2s
  14* -6.76575083e+15 -1.84063827e+16  2.76e-03 3.79e-04  5.73e-03     2s
  15* -1.58745872e+17 -1.55407564e+17  2.82e-02 5.25e-05  9.35e-04     3s
  16* -5.35343053e+19 -3.91557095e+20  1.19e-02 8.05e-06  1.32e-05     3s
  17* -1.06707981e+19 -7.99731660e+19  7.73e-05 2.46e-05  1.81e-05     3s
  18* -2.10827409e+18 -1.37513631e+19  5.01e-04 2.86e-04  1.40e-05     3s
  19* -6.59730172e+17 -3.21563165e+18  1.79e-03 1.30e-03  1.24e-05     3s
  20* -5.34882685e+17 -2.40754644e+18  2.16e-03 1.59e-03  3.41e-05     4s
  21* -3.52714622e+17 -1.60050966e+18  3.98e-03 2.58e-03  4.39e-05     4s
  22* -3.49967507e+17 -1.45952914e+18  4.17e-03 3.59e-03  5.39e-05     4s
  23* -3.13976970e+17 -1.27968909e+18  4.58e-03 4.35e-03  6.63e-05     4s
  24* -2.82598205e+17 -1.11330417e+18  5.50e-03 4.67e-03  8.71e-05     4s
  25* -2.74795646e+17 -1.06525815e+18  5.54e-03 7.44e-03  9.25e-05     5s
  26* -2.60029284e+17 -9.74032085e+17  6.13e-03 6.52e-03  1.11e-04     5s
  27* -2.43823384e+17 -8.66056323e+17  7.99e-03 1.10e-02  1.45e-04     5s
  28* -2.38414594e+17 -7.89325593e+17  8.36e-03 1.83e-02  1.52e-04     5s
  29* -2.35958940e+17 -6.97072683e+17  8.43e-03 3.39e-02  1.32e-04     5s
  30* -2.56907433e+17 -6.65732558e+17  8.45e-03 3.67e-02  1.23e-04     6s
  31* -2.55663019e+17 -6.28037461e+17  8.72e-03 3.41e-02  1.23e-04     6s
  32* -2.55670675e+17 -6.16969079e+17  8.92e-03 3.38e-02  1.32e-04     6s
  33* -2.55926593e+17 -5.88757575e+17  8.82e-03 4.06e-02  1.26e-04     6s
  34* -2.57143363e+17 -5.80204986e+17  9.03e-03 3.75e-02  1.33e-04     7s
  35* -2.57960524e+17 -5.70778241e+17  9.02e-03 3.47e-02  1.34e-04     7s
  36* -2.59249015e+17 -5.57765559e+17  8.93e-03 3.16e-02  1.34e-04     7s
  37* -2.60269631e+17 -5.50692094e+17  8.96e-03 3.11e-02  1.34e-04     7s
  38* -2.61862137e+17 -5.44062908e+17  9.14e-03 3.00e-02  1.36e-04     8s
  39* -2.63973652e+17 -5.33765542e+17  9.34e-03 2.94e-02  1.35e-04     8s
  40* -2.66296117e+17 -5.30569130e+17  9.28e-03 2.96e-02  1.39e-04     8s
  41* -2.69914076e+17 -5.16782717e+17  9.75e-03 3.25e-02  1.37e-04     8s
  42* -2.74341855e+17 -5.10527297e+17  1.04e-02 3.64e-02  1.40e-04     8s
  43* -2.79058695e+17 -5.02146622e+17  1.08e-02 4.38e-02  1.39e-04     9s
  44* -2.87167730e+17 -4.94721486e+17  1.16e-02 3.98e-02  1.41e-04     9s
  45* -2.93142036e+17 -4.90281961e+17  1.19e-02 3.95e-02  1.40e-04     9s
  46* -3.02201629e+17 -4.87958211e+17  1.24e-02 3.87e-02  1.37e-04     9s
  47* -3.09337034e+17 -4.84921539e+17  1.28e-02 4.07e-02  1.33e-04    10s
  48* -3.19600366e+17 -4.82475781e+17  1.32e-02 4.07e-02  1.30e-04    10s
  49* -3.25758673e+17 -4.81830821e+17  1.35e-02 4.02e-02  1.27e-04    10s
  50* -3.37689130e+17 -4.81538811e+17  1.46e-02 3.79e-02  1.20e-04    10s
  51* -3.64635835e+17 -4.83576302e+17  1.75e-02 3.57e-02  1.11e-04    11s
  52* -3.98832363e+17 -4.93306798e+17  1.97e-02 5.38e-02  9.76e-05    11s
  53* -4.46704703e+17 -5.18887426e+17  2.11e-02 4.03e-02  8.05e-05    11s
  54* -6.21938115e+17 -6.14733992e+17  3.27e-02 7.53e-02  4.66e-05    11s
  55* -1.66609661e+18 -9.13059297e+18  3.55e-02 2.30e+00  1.07e-04    11s
  56* -9.69084575e+17 -6.80773241e+18  3.82e-02 3.60e+00  2.40e-04    12s
  57* -8.21638758e+17 -5.71759064e+18  3.83e-02 3.12e+00  2.61e-04    12s
  58* -7.52018915e+17 -4.87844229e+18  3.82e-02 3.56e+00  2.44e-04    12s

Barrier performed 58 iterations in 11.95 seconds (8.04 work units)
Numerical trouble encountered


Gurobi 10.0.1 (linux64) logging started Wed Aug 21 00:38:08 2024

Set parameter LogFile to value "solver_opties.log"
Set parameter Threads to value 4
Set parameter Method to value 2
Set parameter BarHomogeneous to value 1
Gurobi Optimizer version 10.0.1 build v10.0.1rc0 (linux64)

CPU model: 12th Gen Intel(R) Core(TM) i5-1235U, instruction set [SSE2|AVX|AVX2]
Thread count: 12 physical cores, 12 logical processors, using up to 4 threads

Optimize a model with 902282 rows, 473054 columns and 1690678 nonzeros
Model fingerprint: 0x36e732f3
Coefficient statistics:
  Matrix range     [4e-01, 4e+04]
  Objective range  [1e-02, 8e+04]
  Bounds range     [1e-05, 1e+06]
  RHS range        [5e-06, 3e+03]
Presolve removed 639481 rows and 101012 columns
Presolve time: 0.10s

Barrier solved model in 0 iterations and 0.10 seconds (0.09 work units)
Model is infeasible or unbounded

Gurobi 10.0.1 (linux64) logging started Wed Aug 21 00:40:30 2024

Set parameter LogFile to value "solver_opties.log"
Set parameter Threads to value 4
Set parameter Method to value 2
Set parameter BarHomogeneous to value 1
Gurobi Optimizer version 10.0.1 build v10.0.1rc0 (linux64)

CPU model: 12th Gen Intel(R) Core(TM) i5-1235U, instruction set [SSE2|AVX|AVX2]
Thread count: 12 physical cores, 12 logical processors, using up to 4 threads

Optimize a model with 902282 rows, 473054 columns and 1699438 nonzeros
Model fingerprint: 0x3afabfb6
Coefficient statistics:
  Matrix range     [4e-01, 4e+04]
  Objective range  [1e-02, 8e+04]
  Bounds range     [1e-05, 1e+06]
  RHS range        [5e-06, 3e+03]
Presolve removed 779249 rows and 266845 columns
Presolve time: 0.62s
Presolved: 123033 rows, 206209 columns, 600799 nonzeros
Ordering time: 0.01s

Barrier statistics:
 Dense cols : 2
 AA' NZ     : 4.559e+05
 Factor NZ  : 2.143e+06 (roughly 150 MB of memory)
 Factor Ops : 4.159e+07 (less than 1 second per iteration)
 Threads    : 4

                  Objective                Residual
Iter       Primal          Dual         Primal    Dual     Compl     Time
   0   7.31561179e+08 -4.11988348e+09  7.44e+03 1.70e+01  6.26e+05     1s
   1   2.42946242e+08 -3.19571475e+09  1.50e+03 4.24e+02  1.61e+05     1s
   2   1.55357484e+08 -2.06037738e+09  5.93e+02 5.09e+01  5.10e+04     1s
   3   5.12104068e+06 -7.92274567e+08  3.21e+01 4.00e+00  4.31e+03     1s
   4  -6.75764632e+08 -5.34975042e+08  5.86e+00 2.18e+00  1.96e+03     1s
   5* -6.00824421e+10 -6.37554936e+11  2.46e+00 1.49e+01  6.90e+01     1s
   6* -6.95163343e+10 -3.13077030e+11  1.84e+00 4.89e+00  3.03e+01     1s
   7* -6.00583628e+12 -1.97716996e+14  4.41e-03 2.07e+01  1.22e+02     1s
   8* -4.90295190e+12 -6.04111040e+13  6.32e-01 7.50e+00  4.26e+01     2s
   9* -4.03245342e+12 -1.49015937e+13  1.08e+00 1.99e+00  1.14e+01     2s
  10* -1.08144914e+13 -1.14904027e+13  8.11e-02 2.14e-01  6.74e-01     2s
  11* -1.08249906e+13 -1.15032763e+13  9.35e-02 2.14e-01  6.73e-01     2s
  12* -1.08648937e+13 -1.15446540e+13  1.10e-01 2.13e-01  6.72e-01     2s
  13* -1.08662933e+13 -1.15463042e+13  1.11e-01 1.98e-01  6.72e-01     2s
  14* -1.08731395e+13 -1.15544452e+13  1.19e-01 1.98e-01  6.72e-01     2s
  15* -1.08752882e+13 -1.15565189e+13  1.19e-01 1.98e-01  6.72e-01     2s
  16* -1.08946632e+13 -1.15750595e+13  1.20e-01 1.98e-01  6.71e-01     3s
  17* -1.08954423e+13 -1.15758157e+13  1.21e-01 1.98e-01  6.71e-01     3s
  18* -1.08964829e+13 -1.15770776e+13  1.21e-01 1.98e-01  6.71e-01     3s
  19* -1.09025255e+13 -1.15842413e+13  1.21e-01 1.97e-01  6.71e-01     3s
  20* -1.09341842e+13 -1.16151648e+13  1.26e-01 1.97e-01  6.70e-01     3s
  21* -1.09369424e+13 -1.16178133e+13  1.26e-01 1.97e-01  6.70e-01     3s
  22* -1.09856779e+13 -1.16646814e+13  1.31e-01 1.96e-01  6.69e-01     4s
  23* -1.09957233e+13 -1.16750980e+13  1.32e-01 1.96e-01  6.69e-01     4s
  24* -1.10158083e+13 -1.16968919e+13  1.34e-01 1.96e-01  6.68e-01     4s
  25* -1.10159841e+13 -1.16970547e+13  1.34e-01 1.96e-01  6.68e-01     4s
  26* -1.10499791e+13 -1.17303424e+13  2.04e-01 1.95e-01  6.67e-01     4s
  27* -1.10754996e+13 -1.17554482e+13  2.05e-01 1.95e-01  6.66e-01     4s
  28* -1.10839201e+13 -1.17641621e+13  2.06e-01 1.95e-01  6.66e-01     4s
  29* -1.11210331e+13 -1.18070480e+13  2.18e-01 1.94e-01  6.66e-01     5s
  30* -1.11265622e+13 -1.18122553e+13  2.19e-01 1.94e-01  6.65e-01     5s

Barrier performed 30 iterations in 4.74 seconds (5.40 work units)
Sub-optimal termination - objective -1.11265622e+13


Gurobi 10.0.1 (linux64) logging started Sun Aug 25 22:25:44 2024

Set parameter LogFile to value "solver_opties.log"
Set parameter Threads to value 4
Set parameter Method to value 2
Set parameter BarHomogeneous to value 1
Gurobi Optimizer version 10.0.1 build v10.0.1rc0 (linux64)

CPU model: 12th Gen Intel(R) Core(TM) i5-1235U, instruction set [SSE2|AVX|AVX2]
Thread count: 12 physical cores, 12 logical processors, using up to 4 threads

Optimize a model with 902282 rows, 473054 columns and 1699438 nonzeros
Model fingerprint: 0x3afabfb6
Coefficient statistics:
  Matrix range     [4e-01, 4e+04]
  Objective range  [1e-02, 8e+04]
  Bounds range     [1e-05, 1e+06]
  RHS range        [5e-06, 3e+03]
Presolve removed 779249 rows and 266845 columns
Presolve time: 0.60s
Presolved: 123033 rows, 206209 columns, 600799 nonzeros
Ordering time: 0.01s

Barrier statistics:
 Dense cols : 2
 AA' NZ     : 4.559e+05
 Factor NZ  : 2.143e+06 (roughly 150 MB of memory)
 Factor Ops : 4.159e+07 (less than 1 second per iteration)
 Threads    : 4

                  Objective                Residual
Iter       Primal          Dual         Primal    Dual     Compl     Time
   0   7.31561179e+08 -4.11988348e+09  7.44e+03 1.70e+01  6.26e+05     1s
   1   2.42946242e+08 -3.19571475e+09  1.50e+03 4.24e+02  1.61e+05     1s
   2   1.55357484e+08 -2.06037738e+09  5.93e+02 5.09e+01  5.10e+04     1s
   3   5.12104068e+06 -7.92274567e+08  3.21e+01 4.00e+00  4.31e+03     1s
   4  -6.75764632e+08 -5.34975042e+08  5.86e+00 2.18e+00  1.96e+03     1s
   5* -6.00824421e+10 -6.37554936e+11  2.46e+00 1.49e+01  6.90e+01     1s
   6* -6.95163343e+10 -3.13077030e+11  1.84e+00 4.89e+00  3.03e+01     1s
   7* -6.00583628e+12 -1.97716996e+14  4.41e-03 2.07e+01  1.22e+02     1s
   8* -4.90295190e+12 -6.04111040e+13  6.32e-01 7.50e+00  4.26e+01     2s
   9* -4.03245342e+12 -1.49015937e+13  1.08e+00 1.99e+00  1.14e+01     2s
  10* -1.08144914e+13 -1.14904027e+13  8.11e-02 2.14e-01  6.74e-01     2s
  11* -1.08249906e+13 -1.15032763e+13  9.35e-02 2.14e-01  6.73e-01     2s
  12* -1.08648937e+13 -1.15446540e+13  1.10e-01 2.13e-01  6.72e-01     2s
  13* -1.08662933e+13 -1.15463042e+13  1.11e-01 1.98e-01  6.72e-01     2s
  14* -1.08731395e+13 -1.15544452e+13  1.19e-01 1.98e-01  6.72e-01     2s
  15* -1.08752882e+13 -1.15565189e+13  1.19e-01 1.98e-01  6.72e-01     2s
  16* -1.08946632e+13 -1.15750595e+13  1.20e-01 1.98e-01  6.71e-01     3s
  17* -1.08954423e+13 -1.15758157e+13  1.21e-01 1.98e-01  6.71e-01     3s
  18* -1.08964829e+13 -1.15770776e+13  1.21e-01 1.98e-01  6.71e-01     3s
  19* -1.09025255e+13 -1.15842413e+13  1.21e-01 1.97e-01  6.71e-01     3s
  20* -1.09341842e+13 -1.16151648e+13  1.26e-01 1.97e-01  6.70e-01     3s
  21* -1.09369424e+13 -1.16178133e+13  1.26e-01 1.97e-01  6.70e-01     3s
  22* -1.09856779e+13 -1.16646814e+13  1.31e-01 1.96e-01  6.69e-01     4s
  23* -1.09957233e+13 -1.16750980e+13  1.32e-01 1.96e-01  6.69e-01     4s
  24* -1.10158083e+13 -1.16968919e+13  1.34e-01 1.96e-01  6.68e-01     4s
  25* -1.10159841e+13 -1.16970547e+13  1.34e-01 1.96e-01  6.68e-01     4s
  26* -1.10499791e+13 -1.17303424e+13  2.04e-01 1.95e-01  6.67e-01     4s
  27* -1.10754996e+13 -1.17554482e+13  2.05e-01 1.95e-01  6.66e-01     5s
  28* -1.10839201e+13 -1.17641621e+13  2.06e-01 1.95e-01  6.66e-01     5s
  29* -1.11210331e+13 -1.18070480e+13  2.18e-01 1.94e-01  6.66e-01     5s
  30* -1.11265622e+13 -1.18122553e+13  2.19e-01 1.94e-01  6.65e-01     5s

Barrier performed 30 iterations in 5.14 seconds (5.40 work units)
Sub-optimal termination - objective -1.11265622e+13


Gurobi 10.0.1 (linux64) logging started Sun Aug 25 23:14:36 2024

Set parameter LogFile to value "solver_opties.log"
Set parameter Threads to value 4
Set parameter Method to value 2
Set parameter BarHomogeneous to value 1
Gurobi Optimizer version 10.0.1 build v10.0.1rc0 (linux64)

CPU model: 12th Gen Intel(R) Core(TM) i5-1235U, instruction set [SSE2|AVX|AVX2]
Thread count: 12 physical cores, 12 logical processors, using up to 4 threads

Optimize a model with 902282 rows, 473054 columns and 1699438 nonzeros
Model fingerprint: 0x987b7ad6
Coefficient statistics:
  Matrix range     [4e-01, 4e+04]
  Objective range  [1e-02, 8e+04]
  Bounds range     [1e-05, 1e+06]
  RHS range        [5e-06, 3e+03]
Presolve removed 779249 rows and 266845 columns
Presolve time: 0.64s
Presolved: 123033 rows, 206209 columns, 600799 nonzeros
Ordering time: 0.02s

Barrier statistics:
 Dense cols : 2
 AA' NZ     : 4.559e+05
 Factor NZ  : 2.143e+06 (roughly 150 MB of memory)
 Factor Ops : 4.159e+07 (less than 1 second per iteration)
 Threads    : 4

                  Objective                Residual
Iter       Primal          Dual         Primal    Dual     Compl     Time
   0   7.20635110e+08 -4.11847185e+09  7.44e+03 1.68e+01  6.26e+05     1s
   1   2.33967211e+08 -3.19476072e+09  1.50e+03 4.24e+02  1.61e+05     1s
   2   1.45975778e+08 -2.05974003e+09  5.94e+02 5.09e+01  5.10e+04     1s
   3  -1.14970555e+07 -7.97004134e+08  3.21e+01 4.18e+00  4.31e+03     1s
   4  -1.24271389e+09 -7.81985953e+08  1.09e+01 2.91e+00  3.56e+03     1s
   5* -3.17018798e+11 -1.58989043e+13  5.48e+00 3.33e+02  4.44e+02     1s
   6* -1.85000614e+11 -8.31402128e+12  1.34e+00 2.99e+02  3.58e+02     1s
   7* -1.50654061e+11 -8.09236380e+11  4.06e-02 3.02e+01  3.54e+01     1s
   8* -2.02277313e+11 -2.70732317e+11  1.35e-01 2.50e+00  2.25e+00     2s
   9* -4.26685293e+13 -1.72273342e+14  9.41e-04 6.18e-02  1.00e-01     2s
  10* -1.42865123e+14 -1.55171699e+14  2.86e-03 9.83e-03  1.37e-02     2s
  11* -1.42936680e+14 -1.55299674e+14  4.12e-03 9.82e-03  1.37e-02     2s
  12* -1.42934435e+14 -1.55298451e+14  4.16e-03 9.82e-03  1.37e-02     2s
  13* -1.42964255e+14 -1.55315253e+14  4.70e-03 7.91e-03  1.37e-02     2s
  14* -1.43030405e+14 -1.55351782e+14  6.08e-03 7.91e-03  1.37e-02     2s
  15* -1.43344970e+14 -1.55853539e+14  7.03e-03 7.89e-03  1.36e-02     2s
  16* -1.43622335e+14 -1.56144618e+14  8.41e-03 7.88e-03  1.36e-02     3s
  17* -1.43623822e+14 -1.56147230e+14  8.51e-03 7.88e-03  1.36e-02     3s
  18* -1.43895960e+14 -1.56301357e+14  9.59e-03 7.87e-03  1.36e-02     3s
  19* -1.43968854e+14 -1.56342121e+14  9.68e-03 7.86e-03  1.36e-02     3s
  20* -1.45502163e+14 -1.57911272e+14  3.51e-02 7.80e-03  1.35e-02     3s
  21* -1.46925348e+14 -1.58723785e+14  3.69e-02 7.73e-03  1.34e-02     3s
  22* -1.47095046e+14 -1.59027553e+14  3.70e-02 7.72e-03  1.34e-02     3s
  23* -1.47159523e+14 -1.59065997e+14  3.70e-02 7.71e-03  1.34e-02     4s
  24* -1.47247138e+14 -1.59110277e+14  3.71e-02 7.71e-03  1.34e-02     4s
  25* -1.47322324e+14 -1.59151672e+14  3.71e-02 7.71e-03  1.34e-02     4s
  26* -1.49203016e+14 -1.60422962e+14  4.10e-02 7.63e-03  1.32e-02     4s
  27* -1.49420688e+14 -1.60547264e+14  4.10e-02 7.62e-03  1.32e-02     4s
  28* -1.49535759e+14 -1.60610332e+14  4.10e-02 7.61e-03  1.32e-02     4s
  29* -1.49537554e+14 -1.60613866e+14  4.10e-02 7.61e-03  1.32e-02     4s
  30* -1.49730740e+14 -1.60963614e+14  4.11e-02 7.60e-03  1.32e-02     5s
  31* -1.49728214e+14 -1.60962107e+14  4.11e-02 7.60e-03  1.32e-02     5s
  32* -1.49731781e+14 -1.60967998e+14  4.11e-02 7.60e-03  1.32e-02     5s
  33* -1.51050961e+14 -1.63377591e+14  4.11e-02 7.55e-03  1.33e-02     5s
  34* -1.51104650e+14 -1.63407298e+14  4.13e-02 7.55e-03  1.33e-02     5s
  35* -1.51522768e+14 -1.63642993e+14  4.14e-02 7.53e-03  1.32e-02     5s
  36* -1.51609551e+14 -1.63692468e+14  4.14e-02 7.52e-03  1.32e-02     5s
  37* -1.53933491e+14 -1.66476499e+14  4.19e-02 7.44e-03  1.32e-02     6s
  38* -1.56449304e+14 -1.67805002e+14  4.31e-02 7.33e-03  1.29e-02     6s
  39* -1.59530965e+14 -1.69580265e+14  5.23e-02 7.19e-03  1.26e-02     6s
  40* -1.61051816e+14 -1.70430310e+14  5.21e-02 7.13e-03  1.24e-02     6s
  41* -1.61761933e+14 -1.70823383e+14  5.21e-02 7.10e-03  1.24e-02     6s
  42* -1.61866680e+14 -1.70882683e+14  5.22e-02 7.09e-03  1.24e-02     6s
  43* -1.63710578e+14 -1.72175616e+14  5.23e-02 7.02e-03  1.23e-02     6s
  44* -1.67309228e+14 -1.74299687e+14  5.26e-02 6.88e-03  1.20e-02     7s
  45* -1.67463955e+14 -1.74384416e+14  5.27e-02 6.86e-03  1.19e-02     7s
  46* -1.68864791e+14 -1.76009616e+14  5.31e-02 6.81e-03  1.19e-02     7s
  47* -1.70538440e+14 -1.76967934e+14  5.29e-02 6.75e-03  1.18e-02     7s
  48* -1.82515306e+14 -1.83826033e+14  6.28e-02 6.32e-03  1.07e-02     7s
  49* -1.91406595e+14 -1.89229411e+14  6.76e-02 6.00e-03  1.01e-02     7s
  50* -1.91484101e+14 -1.89371783e+14  6.76e-02 5.98e-03  1.01e-02     7s
  51* -1.92104283e+14 -1.89733223e+14  6.78e-02 5.96e-03  1.00e-02     7s
  52* -1.92708848e+14 -1.90049995e+14  6.84e-02 5.94e-03  1.00e-02     8s
  53* -1.93355337e+14 -1.90431893e+14  6.84e-02 5.92e-03  9.99e-03     8s
  54* -1.94583722e+14 -1.91105180e+14  6.85e-02 5.89e-03  9.94e-03     8s
  55* -1.95235081e+14 -1.91539069e+14  6.88e-02 5.87e-03  9.92e-03     8s
  56* -1.95992980e+14 -1.92246283e+14  6.88e-02 5.85e-03  9.90e-03     8s
  57* -1.96987044e+14 -1.93544711e+14  6.87e-02 5.82e-03  9.91e-03     8s
  58* -1.97586471e+14 -1.94526152e+14  6.87e-02 5.81e-03  9.93e-03     8s

Barrier performed 58 iterations in 8.47 seconds (9.28 work units)
Sub-optimal termination - objective -1.97586471e+14


Gurobi 10.0.1 (linux64) logging started Sun Aug 25 23:18:19 2024

Set parameter LogFile to value "solver_opties.log"
Set parameter Threads to value 4
Set parameter Method to value 2
Set parameter BarHomogeneous to value 1
Gurobi Optimizer version 10.0.1 build v10.0.1rc0 (linux64)

CPU model: 12th Gen Intel(R) Core(TM) i5-1235U, instruction set [SSE2|AVX|AVX2]
Thread count: 12 physical cores, 12 logical processors, using up to 4 threads

Optimize a model with 902282 rows, 473054 columns and 1699438 nonzeros
Model fingerprint: 0x987b7ad6
Coefficient statistics:
  Matrix range     [4e-01, 4e+04]
  Objective range  [1e-02, 8e+04]
  Bounds range     [1e-05, 1e+06]
  RHS range        [5e-06, 3e+03]
Presolve removed 779249 rows and 266845 columns
Presolve time: 0.73s
Presolved: 123033 rows, 206209 columns, 600799 nonzeros
Ordering time: 0.02s

Barrier statistics:
 Dense cols : 2
 AA' NZ     : 4.559e+05
 Factor NZ  : 2.143e+06 (roughly 150 MB of memory)
 Factor Ops : 4.159e+07 (less than 1 second per iteration)
 Threads    : 4

                  Objective                Residual
Iter       Primal          Dual         Primal    Dual     Compl     Time
   0   7.20635110e+08 -4.11847185e+09  7.44e+03 1.68e+01  6.26e+05     1s
   1   2.33967211e+08 -3.19476072e+09  1.50e+03 4.24e+02  1.61e+05     1s
   2   1.45975778e+08 -2.05974003e+09  5.94e+02 5.09e+01  5.10e+04     1s
   3  -1.14970555e+07 -7.97004134e+08  3.21e+01 4.18e+00  4.31e+03     1s
   4  -1.24271389e+09 -7.81985953e+08  1.09e+01 2.91e+00  3.56e+03     2s
   5* -3.17018798e+11 -1.58989043e+13  5.48e+00 3.33e+02  4.44e+02     2s
   6* -1.85000614e+11 -8.31402128e+12  1.34e+00 2.99e+02  3.58e+02     2s
   7* -1.50654061e+11 -8.09236380e+11  4.06e-02 3.02e+01  3.54e+01     2s
   8* -2.02277313e+11 -2.70732317e+11  1.35e-01 2.50e+00  2.25e+00     2s
   9* -4.26685293e+13 -1.72273342e+14  9.41e-04 6.18e-02  1.00e-01     2s
  10* -1.42865123e+14 -1.55171699e+14  2.86e-03 9.83e-03  1.37e-02     2s
  11* -1.42936680e+14 -1.55299674e+14  4.12e-03 9.82e-03  1.37e-02     3s
  12* -1.42934435e+14 -1.55298451e+14  4.16e-03 9.82e-03  1.37e-02     3s
  13* -1.42964255e+14 -1.55315253e+14  4.70e-03 7.91e-03  1.37e-02     3s
  14* -1.43030405e+14 -1.55351782e+14  6.08e-03 7.91e-03  1.37e-02     3s
  15* -1.43344970e+14 -1.55853539e+14  7.03e-03 7.89e-03  1.36e-02     3s
  16* -1.43622335e+14 -1.56144618e+14  8.41e-03 7.88e-03  1.36e-02     4s
  17* -1.43623822e+14 -1.56147230e+14  8.51e-03 7.88e-03  1.36e-02     4s
  18* -1.43895960e+14 -1.56301357e+14  9.59e-03 7.87e-03  1.36e-02     4s
  19* -1.43968854e+14 -1.56342121e+14  9.68e-03 7.86e-03  1.36e-02     4s
  20* -1.45502163e+14 -1.57911272e+14  3.51e-02 7.80e-03  1.35e-02     5s
  21* -1.46925348e+14 -1.58723785e+14  3.69e-02 7.73e-03  1.34e-02     5s
  22* -1.47095046e+14 -1.59027553e+14  3.70e-02 7.72e-03  1.34e-02     5s
  23* -1.47159523e+14 -1.59065997e+14  3.70e-02 7.71e-03  1.34e-02     5s
  24* -1.47247138e+14 -1.59110277e+14  3.71e-02 7.71e-03  1.34e-02     5s
  25* -1.47322324e+14 -1.59151672e+14  3.71e-02 7.71e-03  1.34e-02     6s
  26* -1.49203016e+14 -1.60422962e+14  4.10e-02 7.63e-03  1.32e-02     6s
  27* -1.49420688e+14 -1.60547264e+14  4.10e-02 7.62e-03  1.32e-02     6s
  28* -1.49535759e+14 -1.60610332e+14  4.10e-02 7.61e-03  1.32e-02     6s
  29* -1.49537554e+14 -1.60613866e+14  4.10e-02 7.61e-03  1.32e-02     7s
  30* -1.49730740e+14 -1.60963614e+14  4.11e-02 7.60e-03  1.32e-02     7s
  31* -1.49728214e+14 -1.60962107e+14  4.11e-02 7.60e-03  1.32e-02     7s
  32* -1.49731781e+14 -1.60967998e+14  4.11e-02 7.60e-03  1.32e-02     7s
  33* -1.51050961e+14 -1.63377591e+14  4.11e-02 7.55e-03  1.33e-02     7s
  34* -1.51104650e+14 -1.63407298e+14  4.13e-02 7.55e-03  1.33e-02     8s
  35* -1.51522768e+14 -1.63642993e+14  4.14e-02 7.53e-03  1.32e-02     8s
  36* -1.51609551e+14 -1.63692468e+14  4.14e-02 7.52e-03  1.32e-02     8s
  37* -1.53933491e+14 -1.66476499e+14  4.19e-02 7.44e-03  1.32e-02     8s
  38* -1.56449304e+14 -1.67805002e+14  4.31e-02 7.33e-03  1.29e-02     9s
  39* -1.59530965e+14 -1.69580265e+14  5.23e-02 7.19e-03  1.26e-02     9s
  40* -1.61051816e+14 -1.70430310e+14  5.21e-02 7.13e-03  1.24e-02     9s
  41* -1.61761933e+14 -1.70823383e+14  5.21e-02 7.10e-03  1.24e-02     9s
  42* -1.61866680e+14 -1.70882683e+14  5.22e-02 7.09e-03  1.24e-02     9s
  43* -1.63710578e+14 -1.72175616e+14  5.23e-02 7.02e-03  1.23e-02    10s
  44* -1.67309228e+14 -1.74299687e+14  5.26e-02 6.88e-03  1.20e-02    10s
  45* -1.67463955e+14 -1.74384416e+14  5.27e-02 6.86e-03  1.19e-02    10s
  46* -1.68864791e+14 -1.76009616e+14  5.31e-02 6.81e-03  1.19e-02    10s
  47* -1.70538440e+14 -1.76967934e+14  5.29e-02 6.75e-03  1.18e-02    10s
  48* -1.82515306e+14 -1.83826033e+14  6.28e-02 6.32e-03  1.07e-02    11s
  49* -1.91406595e+14 -1.89229411e+14  6.76e-02 6.00e-03  1.01e-02    11s
  50* -1.91484101e+14 -1.89371783e+14  6.76e-02 5.98e-03  1.01e-02    11s
  51* -1.92104283e+14 -1.89733223e+14  6.78e-02 5.96e-03  1.00e-02    11s
  52* -1.92708848e+14 -1.90049995e+14  6.84e-02 5.94e-03  1.00e-02    11s
  53* -1.93355337e+14 -1.90431893e+14  6.84e-02 5.92e-03  9.99e-03    12s
  54* -1.94583722e+14 -1.91105180e+14  6.85e-02 5.89e-03  9.94e-03    12s
  55* -1.95235081e+14 -1.91539069e+14  6.88e-02 5.87e-03  9.92e-03    12s
  56* -1.95992980e+14 -1.92246283e+14  6.88e-02 5.85e-03  9.90e-03    12s
  57* -1.96987044e+14 -1.93544711e+14  6.87e-02 5.82e-03  9.91e-03    13s
  58* -1.97586471e+14 -1.94526152e+14  6.87e-02 5.81e-03  9.93e-03    13s

Barrier performed 58 iterations in 12.75 seconds (9.28 work units)
Sub-optimal termination - objective -1.97586471e+14

